id,State,City,Forecast Number,Date,Main Condition,Condition Description,Icon,Low Temperature,High Temperature,Humidity Percentage,Wind MPH,Wind Direction,Rain Inches,Snow Inches,Pressure,Cloud Percent,UTC Timestamp,Timezone Offset
1,Alaska,Anchorage,1,Mon 11/1,Rain,light rain,http://openweathermap.org/img/wn/10d@2x.png,36.16,39.45,86,16,N,4.28,0,1002,100,1635800400,-28800
2,Alaska,Anchorage,2,Tue 11/2,Rain,light rain,http://openweathermap.org/img/wn/10d@2x.png,36.12,40.3,91,15,N,3.1,0,1002,100,1635886800,-28800
3,Alaska,Anchorage,3,Wed 11/3,Clouds,overcast clouds,http://openweathermap.org/img/wn/04d@2x.png,37.71,40.93,84,9,N,0,0,997,100,1635973200,-28800
4,Alaska,Anchorage,4,Thu 11/4,Clouds,overcast clouds,http://openweathermap.org/img/wn/04d@2x.png,36.88,39.88,79,8,NE,0,0,998,99,1636059600,-28800
5,Alaska,Anchorage,5,Fri 11/5,Snow,light snow,http://openweathermap.org/img/wn/13d@2x.png,34.43,36.28,98,8,S,0,3.77,997,100,1636146000,-28800
6,Alaska,Fairbanks,1,Mon 11/1,Snow,light snow,http://openweathermap.org/img/wn/13d@2x.png,25.66,32.18,91,4,SW,0,0.11,1008,100,1635800400,-28800
7,Alaska,Fairbanks,2,Tue 11/2,Snow,light snow,http://openweathermap.org/img/wn/13d@2x.png,26.42,32.54,88,3,N,0,1.43,1005,100,1635886800,-28800
8,Alaska,Fairbanks,3,Wed 11/3,Clouds,overcast clouds,http://openweathermap.org/img/wn/04d@2x.png,21.43,29.39,85,4,N,0,0,995,99,1635973200,-28800
9,Alaska,Fairbanks,4,Thu 11/4,Clouds,broken clouds,http://openweathermap.org/img/wn/04d@2x.png,19.54,28.71,84,4,N,0,0,1000,61,1636059600,-28800
10,Alaska,Fairbanks,5,Fri 11/5,Clouds,overcast clouds,http://openweathermap.org/img/wn/04d@2x.png,17.73,23.9,87,4,N,0,0,999,100,1636146000,-28800
11,Alaska,Juneau,1,Mon 11/1,Clear,sky is clear,http://openweathermap.org/img/wn/01d@2x.png,34.03,49.55,53,6,NE,0,0,1008,6,1635796800,-28800
12,Alaska,Juneau,2,Tue 11/2,Clouds,overcast clouds,http://openweathermap.org/img/wn/04d@2x.png,37.26,45.82,79,8,NE,0,0,1013,100,1635883200,-28800
13,Alaska,Juneau,3,Wed 11/3,Rain,moderate rain,http://openweathermap.org/img/wn/10d@2x.png,41.07,42.82,97,7,SE,20.49,0,1006,100,1635969600,-28800
14,Alaska,Juneau,4,Thu 11/4,Rain,light rain,http://openweathermap.org/img/wn/10d@2x.png,36.3,41.65,75,6,NE,0.39,0,998,100,1636056000,-28800
15,Alaska,Juneau,5,Fri 11/5,Snow,rain and snow,http://openweathermap.org/img/wn/13d@2x.png,39.15,40.66,95,7,E,2.88,0.14,998,100,1636142400,-28800
16,Colorado,Denver/Boulder,1,Mon 11/1,Clouds,overcast clouds,http://openweathermap.org/img/wn/04d@2x.png,32.7,43.95,66,7,E,0,0,1025,96,1635789600,-21600
17,Colorado,Denver/Boulder,2,Tue 11/2,Rain,light rain,http://openweathermap.org/img/wn/10d@2x.png,32.77,47.64,57,5,NW,0.13,0,1020,100,1635876000,-21600
18,Colorado,Denver/Boulder,3,Wed 11/3,Snow,light snow,http://openweathermap.org/img/wn/13d@2x.png,38.73,54,67,7,SW,0,0.23,1023,95,1635962400,-21600
19,Colorado,Denver/Boulder,4,Thu 11/4,Clear,sky is clear,http://openweathermap.org/img/wn/01d@2x.png,37.56,63.79,17,9,SW,0,0,1014,3,1636048800,-21600
20,Colorado,Denver/Boulder,5,Fri 11/5,Clouds,scattered clouds,http://openweathermap.org/img/wn/03d@2x.png,46.13,62.85,22,9,SW,0,0,1009,30,1636135200,-21600
21,Colorado,Grand Junction,1,Mon 11/1,Clouds,overcast clouds,http://openweathermap.org/img/wn/04d@2x.png,46.63,64.15,33,5,NW,0,0,1017,100,1635789600,-21600
22,Colorado,Grand Junction,2,Tue 11/2,Rain,moderate rain,http://openweathermap.org/img/wn/10d@2x.png,49.48,56.01,75,5,E,4.33,0,1021,100,1635876000,-21600
23,Colorado,Grand Junction,3,Wed 11/3,Rain,light rain,http://openweathermap.org/img/wn/10d@2x.png,44.35,56.89,56,3,N,1.06,0,1023,12,1635962400,-21600
24,Colorado,Grand Junction,4,Thu 11/4,Clear,sky is clear,http://openweathermap.org/img/wn/01d@2x.png,44.49,59.61,42,5,E,0,0,1020,4,1636048800,-21600
25,Colorado,Grand Junction,5,Fri 11/5,Clear,sky is clear,http://openweathermap.org/img/wn/01d@2x.png,46.81,61.92,33,5,W,0,0,1017,4,1636135200,-21600
26,Colorado,Pueblo,1,Mon 11/1,Clouds,overcast clouds,http://openweathermap.org/img/wn/04d@2x.png,31.05,55.76,41,12,E,0,0,1020,94,1635789600,-21600
27,Colorado,Pueblo,2,Tue 11/2,Clouds,overcast clouds,http://openweathermap.org/img/wn/04d@2x.png,37.47,48.09,70,7,NE,0,0,1023,100,1635876000,-21600
28,Colorado,Pueblo,3,Wed 11/3,Clouds,overcast clouds,http://openweathermap.org/img/wn/04d@2x.png,37.36,54.41,56,6,SE,0,0,1023,96,1635962400,-21600
29,Colorado,Pueblo,4,Thu 11/4,Clear,sky is clear,http://openweathermap.org/img/wn/01d@2x.png,39.65,61.84,39,6,E,0,0,1017,0,1636048800,-21600
30,Colorado,Pueblo,5,Fri 11/5,Clear,sky is clear,http://openweathermap.org/img/wn/01d@2x.png,45.27,74.19,17,16,W,0,0,1008,2,1636135200,-21600
31,Illinois,Chicago,1,Mon 11/1,Clouds,overcast clouds,http://openweathermap.org/img/wn/04d@2x.png,32.65,45.88,45,11,W,0,0,1027,91,1635786000,-18000
32,Illinois,Chicago,2,Tue 11/2,Clear,sky is clear,http://openweathermap.org/img/wn/01d@2x.png,32.05,44.35,46,11,W,0,0,1029,2,1635872400,-18000
33,Illinois,Chicago,3,Wed 11/3,Clouds,few clouds,http://openweathermap.org/img/wn/02d@2x.png,32.18,44.2,39,5,NW,0,0,1030,18,1635958800,-18000
34,Illinois,Chicago,4,Thu 11/4,Clear,sky is clear,http://openweathermap.org/img/wn/01d@2x.png,32.92,47.12,43,6,SW,0,0,1026,0,1636045200,-18000
35,Illinois,Chicago,5,Fri 11/5,Clear,sky is clear,http://openweathermap.org/img/wn/01d@2x.png,34.84,50.13,47,8,S,0,0,1025,6,1636131600,-18000
36,Illinois,Lincoln,1,Mon 11/1,Clouds,overcast clouds,http://openweathermap.org/img/wn/04d@2x.png,36.61,45.63,48,10,W,0,0,1029,100,1635786000,-18000
37,Illinois,Lincoln,2,Tue 11/2,Clear,sky is clear,http://openweathermap.org/img/wn/01d@2x.png,32.47,46.17,42,10,NW,0,0,1030,2,1635872400,-18000
38,Illinois,Lincoln,3,Wed 11/3,Clouds,broken clouds,http://openweathermap.org/img/wn/04d@2x.png,32.23,45.55,41,5,N,0,0,1030,81,1635958800,-18000
39,Illinois,Lincoln,4,Thu 11/4,Clear,sky is clear,http://openweathermap.org/img/wn/01d@2x.png,32.7,47.17,40,3,W,0,0,1027,0,1636045200,-18000
40,Illinois,Lincoln,5,Fri 11/5,Clear,sky is clear,http://openweathermap.org/img/wn/01d@2x.png,34.23,51.17,37,8,SE,0,0,1026,1,1636131600,-18000
41,Indiana,Indianapolis,1,Mon 11/1,Clouds,overcast clouds,http://openweathermap.org/img/wn/04d@2x.png,34.77,49.46,43,9,W,0,0,1027,100,1635786000,-14400
42,Indiana,Indianapolis,2,Tue 11/2,Clear,sky is clear,http://openweathermap.org/img/wn/01d@2x.png,36.54,46.58,38,10,W,0,0,1029,0,1635872400,-14400
43,Indiana,Indianapolis,3,Wed 11/3,Clouds,overcast clouds,http://openweathermap.org/img/wn/04d@2x.png,36.36,46.8,38,4,NW,0,0,1029,100,1635958800,-14400
44,Indiana,Indianapolis,4,Thu 11/4,Clear,sky is clear,http://openweathermap.org/img/wn/01d@2x.png,36.32,47.71,42,4,NW,0,0,1026,5,1636045200,-14400
45,Indiana,Indianapolis,5,Fri 11/5,Clear,sky is clear,http://openweathermap.org/img/wn/01d@2x.png,36.18,50.07,35,4,SE,0,0,1026,0,1636131600,-14400
46,Indiana,Northern Indiana,1,Mon 11/1,Clouds,scattered clouds,http://openweathermap.org/img/wn/03d@2x.png,34.47,46.51,50,14,W,0,0,1026,41,1635786000,-14400
47,Indiana,Northern Indiana,2,Tue 11/2,Clouds,few clouds,http://openweathermap.org/img/wn/02d@2x.png,31.89,43.99,51,14,W,0,0,1027,21,1635872400,-14400
48,Indiana,Northern Indiana,3,Wed 11/3,Clouds,scattered clouds,http://openweathermap.org/img/wn/03d@2x.png,31.17,44.44,50,6,W,0,0,1029,42,1635958800,-14400
49,Indiana,Northern Indiana,4,Thu 11/4,Clouds,scattered clouds,http://openweathermap.org/img/wn/03d@2x.png,31.14,44.55,50,7,SW,0,0,1026,25,1636045200,-14400
50,Indiana,Northern Indiana,5,Fri 11/5,Clear,sky is clear,http://openweathermap.org/img/wn/01d@2x.png,31.84,47.61,52,7,SW,0,0,1026,2,1636131600,-14400
51,Iowa,Davenport/Quad Cities,1,Mon 11/1,Clouds,overcast clouds,http://openweathermap.org/img/wn/04d@2x.png,32.25,46.27,53,12,SW,0,0,1028,100,1635786000,-18000
52,Iowa,Davenport/Quad Cities,2,Tue 11/2,Clear,sky is clear,http://openweathermap.org/img/wn/01d@2x.png,30.52,44.71,43,11,W,0,0,1030,0,1635872400,-18000
53,Iowa,Davenport/Quad Cities,3,Wed 11/3,Clouds,broken clouds,http://openweathermap.org/img/wn/04d@2x.png,29.23,44.17,41,5,NW,0,0,1030,65,1635958800,-18000
54,Iowa,Davenport/Quad Cities,4,Thu 11/4,Clouds,broken clouds,http://openweathermap.org/img/wn/04d@2x.png,32.68,49.15,45,8,SW,0,0,1026,60,1636045200,-18000
55,Iowa,Davenport/Quad Cities,5,Fri 11/5,Clear,sky is clear,http://openweathermap.org/img/wn/01d@2x.png,33.93,51.37,44,11,S,0,0,1024,2,1636131600,-18000
56,Iowa,Des Moines,1,Mon 11/1,Clouds,overcast clouds,http://openweathermap.org/img/wn/04d@2x.png,34.86,47.97,47,11,W,0,0,1029,100,1635786000,-18000
57,Iowa,Des Moines,2,Tue 11/2,Clear,sky is clear,http://openweathermap.org/img/wn/01d@2x.png,31.03,46.04,43,7,W,0,0,1031,0,1635872400,-18000
58,Iowa,Des Moines,3,Wed 11/3,Clouds,broken clouds,http://openweathermap.org/img/wn/04d@2x.png,31.53,47.17,46,6,S,0,0,1030,61,1635958800,-18000
59,Iowa,Des Moines,4,Thu 11/4,Clouds,broken clouds,http://openweathermap.org/img/wn/04d@2x.png,40.03,51.8,47,11,S,0,0,1025,58,1636045200,-18000
60,Iowa,Des Moines,5,Fri 11/5,Clear,sky is clear,http://openweathermap.org/img/wn/01d@2x.png,35.94,53.13,51,16,S,0,0,1020,0,1636131600,-18000
61,Kansas,Dodge City,1,Mon 11/1,Clouds,overcast clouds,http://openweathermap.org/img/wn/04d@2x.png,35.2,54.79,45,14,E,0,0,1024,88,1635789600,-18000
62,Kansas,Dodge City,2,Tue 11/2,Rain,light rain,http://openweathermap.org/img/wn/10d@2x.png,38.68,40.77,78,12,NE,2.43,0,1029,100,1635876000,-18000
63,Kansas,Dodge City,3,Wed 11/3,Rain,light rain,http://openweathermap.org/img/wn/10d@2x.png,38.75,42.04,89,7,E,1.92,0,1029,100,1635962400,-18000
64,Kansas,Dodge City,4,Thu 11/4,Clear,sky is clear,http://openweathermap.org/img/wn/01d@2x.png,36.3,57.38,56,14,SE,0,0,1023,0,1636048800,-18000
65,Kansas,Dodge City,5,Fri 11/5,Clouds,few clouds,http://openweathermap.org/img/wn/02d@2x.png,41.04,64.8,48,22,S,0,0,1013,12,1636135200,-18000
66,Kansas,Goodland,1,Mon 11/1,Clouds,broken clouds,http://openweathermap.org/img/wn/04d@2x.png,30.58,48.88,51,14,E,0,0,1025,79,1635789600,-21600
67,Kansas,Goodland,2,Tue 11/2,Rain,light rain,http://openweathermap.org/img/wn/10d@2x.png,36.37,39.6,73,13,SE,0.3,0,1028,100,1635876000,-21600
68,Kansas,Goodland,3,Wed 11/3,Rain,light rain,http://openweathermap.org/img/wn/10d@2x.png,36.77,54.73,59,11,SE,0.71,0,1024,61,1635962400,-21600
69,Kansas,Goodland,4,Thu 11/4,Clear,sky is clear,http://openweathermap.org/img/wn/01d@2x.png,38.44,62.87,37,15,SE,0,0,1018,0,1636048800,-21600
70,Kansas,Goodland,5,Fri 11/5,Clear,sky is clear,http://openweathermap.org/img/wn/01d@2x.png,39.09,67.44,30,15,SE,0,0,1009,0,1636135200,-21600
71,Kansas,Topeka,1,Mon 11/1,Rain,light rain,http://openweathermap.org/img/wn/10d@2x.png,40.41,46.42,70,10,NE,0.36,0,1030,100,1635789600,-18000
72,Kansas,Topeka,2,Tue 11/2,Clouds,overcast clouds,http://openweathermap.org/img/wn/04d@2x.png,38.84,47.01,59,6,N,0,0,1030,100,1635876000,-18000
73,Kansas,Topeka,3,Wed 11/3,Clouds,overcast clouds,http://openweathermap.org/img/wn/04d@2x.png,37.22,50.52,40,7,E,0,0,1029,93,1635962400,-18000
74,Kansas,Topeka,4,Thu 11/4,Clear,sky is clear,http://openweathermap.org/img/wn/01d@2x.png,37.67,53.8,45,10,S,0,0,1026,5,1636048800,-18000
75,Kansas,Topeka,5,Fri 11/5,Clear,sky is clear,http://openweathermap.org/img/wn/01d@2x.png,37.06,56.71,51,17,SE,0,0,1020,0,1636135200,-18000
76,Kansas,Wichita,1,Mon 11/1,Clouds,broken clouds,http://openweathermap.org/img/wn/04d@2x.png,38.93,53.65,43,12,NE,0,0,1027,83,1635789600,-18000
77,Kansas,Wichita,2,Tue 11/2,Rain,moderate rain,http://openweathermap.org/img/wn/10d@2x.png,41.02,41.83,90,11,NE,19.6,0,1029,100,1635876000,-18000
78,Kansas,Wichita,3,Wed 11/3,Rain,light rain,http://openweathermap.org/img/wn/10d@2x.png,40.75,45.5,73,9,NE,4.43,0,1028,100,1635962400,-18000
79,Kansas,Wichita,4,Thu 11/4,Clouds,broken clouds,http://openweathermap.org/img/wn/04d@2x.png,39.99,53.22,61,8,SE,0,0,1026,66,1636048800,-18000
80,Kansas,Wichita,5,Fri 11/5,Clouds,few clouds,http://openweathermap.org/img/wn/02d@2x.png,40.1,58.91,55,18,SE,0,0,1018,15,1636135200,-18000
81,Kentucky,Jackson,1,Mon 11/1,Clear,sky is clear,http://openweathermap.org/img/wn/01d@2x.png,44.64,59.2,46,5,W,0,0,1025,3,1635786000,-14400
82,Kentucky,Jackson,2,Tue 11/2,Rain,light rain,http://openweathermap.org/img/wn/10d@2x.png,38.32,46.69,79,5,NW,2.42,0,1028,100,1635872400,-14400
83,Kentucky,Jackson,3,Wed 11/3,Clouds,overcast clouds,http://openweathermap.org/img/wn/04d@2x.png,35.28,47.1,44,7,N,0,0,1026,100,1635958800,-14400
84,Kentucky,Jackson,4,Thu 11/4,Clouds,overcast clouds,http://openweathermap.org/img/wn/04d@2x.png,33.8,47.93,45,6,N,0,0,1023,100,1636045200,-14400
85,Kentucky,Jackson,5,Fri 11/5,Clear,sky is clear,http://openweathermap.org/img/wn/01d@2x.png,29.66,50.32,38,6,NE,0,0,1025,0,1636131600,-14400
86,Kentucky,Louisville,1,Mon 11/1,Clouds,broken clouds,http://openweathermap.org/img/wn/04d@2x.png,38.97,53.67,44,10,NW,0,0,1027,59,1635786000,-14400
87,Kentucky,Louisville,2,Tue 11/2,Clouds,scattered clouds,http://openweathermap.org/img/wn/03d@2x.png,38.43,51.37,46,7,NW,0,0,1028,26,1635872400,-14400
88,Kentucky,Louisville,3,Wed 11/3,Clouds,overcast clouds,http://openweathermap.org/img/wn/04d@2x.png,35.62,46.67,43,7,NE,0,0,1028,100,1635958800,-14400
89,Kentucky,Louisville,4,Thu 11/4,Clear,sky is clear,http://openweathermap.org/img/wn/01d@2x.png,31.32,49.17,40,7,N,0,0,1025,2,1636045200,-14400
90,Kentucky,Louisville,5,Fri 11/5,Clear,sky is clear,http://openweathermap.org/img/wn/01d@2x.png,31.71,51.49,40,6,NE,0,0,1026,0,1636131600,-14400
91,Kentucky,Paducah,1,Mon 11/1,Rain,light rain,http://openweathermap.org/img/wn/10d@2x.png,38.26,56.35,39,11,N,1.94,0,1028,83,1635786000,-18000
92,Kentucky,Paducah,2,Tue 11/2,Rain,moderate rain,http://openweathermap.org/img/wn/10d@2x.png,41.4,52.88,60,7,N,2.88,0,1029,92,1635872400,-18000
93,Kentucky,Paducah,3,Wed 11/3,Clouds,overcast clouds,http://openweathermap.org/img/wn/04d@2x.png,38.21,49.26,38,9,NE,0,0,1028,100,1635958800,-18000
94,Kentucky,Paducah,4,Thu 11/4,Clear,sky is clear,http://openweathermap.org/img/wn/01d@2x.png,32.34,51.49,37,9,N,0,0,1026,0,1636045200,-18000
95,Kentucky,Paducah,5,Fri 11/5,Clear,sky is clear,http://openweathermap.org/img/wn/01d@2x.png,33.13,55.08,37,6,NE,0,0,1025,0,1636131600,-18000
96,Michigan,Detroit/Pontiac,1,Mon 11/1,Clear,sky is clear,http://openweathermap.org/img/wn/01d@2x.png,34.54,46.54,48,16,W,0,0,1022,6,1635786000,-14400
97,Michigan,Detroit/Pontiac,2,Tue 11/2,Clouds,scattered clouds,http://openweathermap.org/img/wn/03d@2x.png,33.15,42.84,50,13,W,0,0,1024,48,1635872400,-14400
98,Michigan,Detroit/Pontiac,3,Wed 11/3,Clouds,few clouds,http://openweathermap.org/img/wn/02d@2x.png,30.4,42.19,44,8,W,0,0,1028,24,1635958800,-14400
99,Michigan,Detroit/Pontiac,4,Thu 11/4,Clouds,few clouds,http://openweathermap.org/img/wn/02d@2x.png,30.52,42.93,46,8,SW,0,0,1025,20,1636045200,-14400
100,Michigan,Detroit/Pontiac,5,Fri 11/5,Clouds,few clouds,http://openweathermap.org/img/wn/02d@2x.png,32.97,48.99,59,10,SW,0,0,1024,11,1636131600,-14400
101,Michigan,Gaylord,1,Mon 11/1,Snow,rain and snow,http://openweathermap.org/img/wn/13d@2x.png,35.17,41.63,59,17,W,0.1,1.83,1019,85,1635786000,-14400
102,Michigan,Gaylord,2,Tue 11/2,Snow,snow,http://openweathermap.org/img/wn/13d@2x.png,31.51,38.07,63,13,W,0,4.95,1022,68,1635872400,-14400
103,Michigan,Gaylord,3,Wed 11/3,Snow,light snow,http://openweathermap.org/img/wn/13d@2x.png,28.53,37.06,73,9,W,0,3.42,1027,99,1635958800,-14400
104,Michigan,Gaylord,4,Thu 11/4,Snow,light snow,http://openweathermap.org/img/wn/13d@2x.png,28.72,38.95,63,9,SW,0,1.69,1023,90,1636045200,-14400
105,Michigan,Gaylord,5,Fri 11/5,Clouds,broken clouds,http://openweathermap.org/img/wn/04d@2x.png,29.93,47.12,69,11,SW,0,0,1021,56,1636131600,-14400
106,Michigan,Grand Rapids,1,Mon 11/1,Clouds,scattered clouds,http://openweathermap.org/img/wn/03d@2x.png,36.68,45.05,47,17,W,0,0,1023,25,1635786000,-14400
107,Michigan,Grand Rapids,2,Tue 11/2,Clouds,broken clouds,http://openweathermap.org/img/wn/04d@2x.png,33.21,42.08,56,15,W,0,0,1025,70,1635872400,-14400
108,Michigan,Grand Rapids,3,Wed 11/3,Clouds,scattered clouds,http://openweathermap.org/img/wn/03d@2x.png,30.63,42.62,49,9,W,0,0,1028,49,1635958800,-14400
109,Michigan,Grand Rapids,4,Thu 11/4,Clouds,overcast clouds,http://openweathermap.org/img/wn/04d@2x.png,31.08,45.09,46,10,W,0,0,1025,97,1636045200,-14400
110,Michigan,Grand Rapids,5,Fri 11/5,Clouds,few clouds,http://openweathermap.org/img/wn/02d@2x.png,34,50.83,56,12,SW,0,0,1024,17,1636131600,-14400
111,Michigan,Marquette,1,Mon 11/1,Snow,light snow,http://openweathermap.org/img/wn/13d@2x.png,31.06,39.27,63,13,W,0,1.28,1019,93,1635786000,-14400
112,Michigan,Marquette,2,Tue 11/2,Snow,light snow,http://openweathermap.org/img/wn/13d@2x.png,28.17,35.44,61,11,W,0,0.37,1024,79,1635872400,-14400
113,Michigan,Marquette,3,Wed 11/3,Clouds,scattered clouds,http://openweathermap.org/img/wn/03d@2x.png,27.86,36.21,51,8,W,0,0,1027,44,1635958800,-14400
114,Michigan,Marquette,4,Thu 11/4,Clouds,broken clouds,http://openweathermap.org/img/wn/04d@2x.png,29.07,41.7,44,9,SW,0,0,1021,66,1636045200,-14400
115,Michigan,Marquette,5,Fri 11/5,Clouds,scattered clouds,http://openweathermap.org/img/wn/03d@2x.png,31.62,48.9,56,8,S,0,0,1018,46,1636131600,-14400
116,Minnesota,Duluth,1,Mon 11/1,Clouds,broken clouds,http://openweathermap.org/img/wn/04d@2x.png,29.19,37.63,57,12,W,0,0,1023,81,1635786000,-18000
117,Minnesota,Duluth,2,Tue 11/2,Clouds,broken clouds,http://openweathermap.org/img/wn/04d@2x.png,26.01,35.46,54,9,NW,0,0,1028,80,1635872400,-18000
118,Minnesota,Duluth,3,Wed 11/3,Clouds,overcast clouds,http://openweathermap.org/img/wn/04d@2x.png,25.48,38.7,49,7,SW,0,0,1028,95,1635958800,-18000
119,Minnesota,Duluth,4,Thu 11/4,Clear,sky is clear,http://openweathermap.org/img/wn/01d@2x.png,26.13,45.86,48,9,SW,0,0,1020,1,1636045200,-18000
120,Minnesota,Duluth,5,Fri 11/5,Clouds,broken clouds,http://openweathermap.org/img/wn/04d@2x.png,31.87,50.49,63,9,S,0,0,1016,62,1636131600,-18000
121,Minnesota,Chanhassen/Twin Cities,1,Mon 11/1,Clear,sky is clear,http://openweathermap.org/img/wn/01d@2x.png,30.88,41.67,47,13,W,0,0,1027,4,1635786000,-18000
122,Minnesota,Chanhassen/Twin Cities,2,Tue 11/2,Clear,sky is clear,http://openweathermap.org/img/wn/01d@2x.png,27.1,41.18,47,8,W,0,0,1030,8,1635872400,-18000
123,Minnesota,Chanhassen/Twin Cities,3,Wed 11/3,Clouds,broken clouds,http://openweathermap.org/img/wn/04d@2x.png,28.17,42.04,44,5,SW,0,0,1029,71,1635958800,-18000
124,Minnesota,Chanhassen/Twin Cities,4,Thu 11/4,Clear,sky is clear,http://openweathermap.org/img/wn/01d@2x.png,31.19,50.81,56,9,S,0,0,1022,2,1636045200,-18000
125,Minnesota,Chanhassen/Twin Cities,5,Fri 11/5,Clear,sky is clear,http://openweathermap.org/img/wn/01d@2x.png,38.03,55.36,54,15,S,0,0,1016,7,1636131600,-18000
126,Missouri,Kansas City/Pleasant Hill,1,Mon 11/1,Rain,light rain,http://openweathermap.org/img/wn/10d@2x.png,37.76,46.71,58,8,NE,0.12,0,1030,100,1635789600,-18000
127,Missouri,Kansas City/Pleasant Hill,2,Tue 11/2,Clouds,overcast clouds,http://openweathermap.org/img/wn/04d@2x.png,36.36,47.1,55,6,NE,0,0,1030,99,1635876000,-18000
128,Missouri,Kansas City/Pleasant Hill,3,Wed 11/3,Clouds,overcast clouds,http://openweathermap.org/img/wn/04d@2x.png,35.28,49.6,38,7,NE,0,0,1029,100,1635962400,-18000
129,Missouri,Kansas City/Pleasant Hill,4,Thu 11/4,Clear,sky is clear,http://openweathermap.org/img/wn/01d@2x.png,32.88,51.46,42,6,SE,0,0,1027,7,1636048800,-18000
130,Missouri,Kansas City/Pleasant Hill,5,Fri 11/5,Clear,sky is clear,http://openweathermap.org/img/wn/01d@2x.png,33.15,54.79,44,12,S,0,0,1022,0,1636135200,-18000
131,Missouri,Springfield,1,Mon 11/1,Rain,moderate rain,http://openweathermap.org/img/wn/10d@2x.png,38.98,46.22,60,10,NE,6.53,0,1028,100,1635786000,-18000
132,Missouri,Springfield,2,Tue 11/2,Rain,moderate rain,http://openweathermap.org/img/wn/10d@2x.png,39.24,42.04,86,7,NE,8.26,0,1030,100,1635872400,-18000
133,Missouri,Springfield,3,Wed 11/3,Rain,light rain,http://openweathermap.org/img/wn/10d@2x.png,36.5,46.8,62,9,E,1.08,0,1028,100,1635958800,-18000
134,Missouri,Springfield,4,Thu 11/4,Clear,sky is clear,http://openweathermap.org/img/wn/01d@2x.png,31.39,49.28,41,6,NE,0,0,1027,0,1636045200,-18000
135,Missouri,Springfield,5,Fri 11/5,Clear,sky is clear,http://openweathermap.org/img/wn/01d@2x.png,32.29,52.34,43,10,SE,0,0,1024,0,1636131600,-18000
136,Missouri,St. Louis,1,Mon 11/1,Rain,light rain,http://openweathermap.org/img/wn/10d@2x.png,39.4,48.87,39,9,NW,0.7,0,1029,100,1635786000,-18000
137,Missouri,St. Louis,2,Tue 11/2,Clouds,scattered clouds,http://openweathermap.org/img/wn/03d@2x.png,36.28,49.5,51,6,NW,0,0,1030,46,1635872400,-18000
138,Missouri,St. Louis,3,Wed 11/3,Clouds,overcast clouds,http://openweathermap.org/img/wn/04d@2x.png,37.47,48.63,38,6,N,0,0,1029,100,1635958800,-18000
139,Missouri,St. Louis,4,Thu 11/4,Clear,sky is clear,http://openweathermap.org/img/wn/01d@2x.png,33.31,49.64,35,4,N,0,0,1027,0,1636045200,-18000
140,Missouri,St. Louis,5,Fri 11/5,Clear,sky is clear,http://openweathermap.org/img/wn/01d@2x.png,35.56,53.91,31,8,SE,0,0,1025,0,1636131600,-18000
141,Nebraska,Hastings,1,Mon 11/1,Snow,rain and snow,http://openweathermap.org/img/wn/13d@2x.png,32.22,43.11,99,7,N,1.57,5.8,1031,100,1635789600,-18000
142,Nebraska,Hastings,2,Tue 11/2,Clouds,overcast clouds,http://openweathermap.org/img/wn/04d@2x.png,34.97,43.59,70,5,S,0,0,1030,100,1635876000,-18000
143,Nebraska,Hastings,3,Wed 11/3,Clouds,overcast clouds,http://openweathermap.org/img/wn/04d@2x.png,39.11,43.97,72,9,S,0,0,1028,98,1635962400,-18000
144,Nebraska,Hastings,4,Thu 11/4,Clear,sky is clear,http://openweathermap.org/img/wn/01d@2x.png,36.05,56.17,60,12,S,0,0,1022,0,1636048800,-18000
145,Nebraska,Hastings,5,Fri 11/5,Clouds,few clouds,http://openweathermap.org/img/wn/02d@2x.png,39.49,60.78,55,20,S,0,0,1013,17,1636135200,-18000
146,Nebraska,North Platte,1,Mon 11/1,Snow,snow,http://openweathermap.org/img/wn/13d@2x.png,32.29,37.72,98,6,S,0,7.14,1030,100,1635789600,-18000
147,Nebraska,North Platte,2,Tue 11/2,Clouds,overcast clouds,http://openweathermap.org/img/wn/04d@2x.png,35.8,37.53,96,9,SE,0,0,1029,100,1635876000,-18000
148,Nebraska,North Platte,3,Wed 11/3,Clouds,overcast clouds,http://openweathermap.org/img/wn/04d@2x.png,37,45,86,9,S,0,0,1027,100,1635962400,-18000
149,Nebraska,North Platte,4,Thu 11/4,Clear,sky is clear,http://openweathermap.org/img/wn/01d@2x.png,36.84,59.9,49,16,SE,0,0,1019,0,1636048800,-18000
150,Nebraska,North Platte,5,Fri 11/5,Clouds,scattered clouds,http://openweathermap.org/img/wn/03d@2x.png,40.59,68.65,42,21,W,0,0,1009,34,1636135200,-18000
151,Nebraska,Omaha/Valley,1,Mon 11/1,Snow,light snow,http://openweathermap.org/img/wn/13d@2x.png,39.25,45.55,58,8,SW,0,0.11,1030,100,1635789600,-18000
152,Nebraska,Omaha/Valley,2,Tue 11/2,Clear,sky is clear,http://openweathermap.org/img/wn/01d@2x.png,32.86,47.93,49,4,SE,0,0,1030,5,1635876000,-18000
153,Nebraska,Omaha/Valley,3,Wed 11/3,Clouds,overcast clouds,http://openweathermap.org/img/wn/04d@2x.png,35.51,46.33,64,8,S,0,0,1029,93,1635962400,-18000
154,Nebraska,Omaha/Valley,4,Thu 11/4,Clouds,few clouds,http://openweathermap.org/img/wn/02d@2x.png,39.02,54.28,59,11,S,0,0,1024,12,1636048800,-18000
155,Nebraska,Omaha/Valley,5,Fri 11/5,Clear,sky is clear,http://openweathermap.org/img/wn/01d@2x.png,40.01,57.79,55,19,S,0,0,1016,2,1636135200,-18000
156,North Dakota,Bismarck,1,Mon 11/1,Clear,sky is clear,http://openweathermap.org/img/wn/01d@2x.png,25.21,38.61,43,11,NW,0,0,1029,6,1635789600,-18000
157,North Dakota,Bismarck,2,Tue 11/2,Clouds,scattered clouds,http://openweathermap.org/img/wn/03d@2x.png,25.3,38.61,42,5,S,0,0,1030,38,1635876000,-18000
158,North Dakota,Bismarck,3,Wed 11/3,Clouds,scattered clouds,http://openweathermap.org/img/wn/03d@2x.png,27.34,45.07,42,6,S,0,0,1026,41,1635962400,-18000
159,North Dakota,Bismarck,4,Thu 11/4,Clear,sky is clear,http://openweathermap.org/img/wn/01d@2x.png,33.26,54.86,56,11,SE,0,0,1016,1,1636048800,-18000
160,North Dakota,Bismarck,5,Fri 11/5,Clouds,scattered clouds,http://openweathermap.org/img/wn/03d@2x.png,39.07,55.98,58,9,W,0,0,1004,44,1636135200,-18000
161,North Dakota,Grand Forks,1,Mon 11/1,Clouds,broken clouds,http://openweathermap.org/img/wn/04d@2x.png,29.7,38.66,56,12,NW,0,0,1027,58,1635789600,-18000
162,North Dakota,Grand Forks,2,Tue 11/2,Clouds,few clouds,http://openweathermap.org/img/wn/02d@2x.png,27.19,39.76,53,7,W,0,0,1030,11,1635876000,-18000
163,North Dakota,Grand Forks,3,Wed 11/3,Clouds,scattered clouds,http://openweathermap.org/img/wn/03d@2x.png,30.06,44.56,39,7,S,0,0,1027,26,1635962400,-18000
164,North Dakota,Grand Forks,4,Thu 11/4,Clear,sky is clear,http://openweathermap.org/img/wn/01d@2x.png,31.37,51.94,56,11,S,0,0,1018,0,1636048800,-18000
165,North Dakota,Grand Forks,5,Fri 11/5,Clouds,overcast clouds,http://openweathermap.org/img/wn/04d@2x.png,38.59,54.64,65,14,SE,0,0,1008,100,1636135200,-18000
166,South Dakota,Aberdeen,1,Mon 11/1,Clear,sky is clear,http://openweathermap.org/img/wn/01d@2x.png,25.9,42.67,42,11,W,0,0,1029,6,1635789600,-18000
167,South Dakota,Aberdeen,2,Tue 11/2,Clear,sky is clear,http://openweathermap.org/img/wn/01d@2x.png,26.55,40.23,43,6,NW,0,0,1031,5,1635876000,-18000
168,South Dakota,Aberdeen,3,Wed 11/3,Clouds,scattered clouds,http://openweathermap.org/img/wn/03d@2x.png,28.83,45.48,44,6,SE,0,0,1027,48,1635962400,-18000
169,South Dakota,Aberdeen,4,Thu 11/4,Clear,sky is clear,http://openweathermap.org/img/wn/01d@2x.png,33.08,53.22,64,11,SE,0,0,1019,0,1636048800,-18000
170,South Dakota,Aberdeen,5,Fri 11/5,Clouds,few clouds,http://openweathermap.org/img/wn/02d@2x.png,42.22,58.14,58,19,SE,0,0,1007,16,1636135200,-18000
171,South Dakota,Rapid City,1,Mon 11/1,Clear,sky is clear,http://openweathermap.org/img/wn/01d@2x.png,27.09,39.29,38,8,N,0,0,1029,1,1635789600,-21600
172,South Dakota,Rapid City,2,Tue 11/2,Clouds,few clouds,http://openweathermap.org/img/wn/02d@2x.png,25.41,45.07,50,11,SE,0,0,1025,12,1635876000,-21600
173,South Dakota,Rapid City,3,Wed 11/3,Clouds,broken clouds,http://openweathermap.org/img/wn/04d@2x.png,32.45,52.18,45,5,S,0,0,1023,63,1635962400,-21600
174,South Dakota,Rapid City,4,Thu 11/4,Clear,sky is clear,http://openweathermap.org/img/wn/01d@2x.png,39.33,65.14,33,8,SE,0,0,1011,2,1636048800,-21600
175,South Dakota,Rapid City,5,Fri 11/5,Clouds,scattered clouds,http://openweathermap.org/img/wn/03d@2x.png,47.14,59.79,35,22,NW,0,0,1003,45,1636135200,-21600
176,South Dakota,Sioux Falls,1,Mon 11/1,Clear,sky is clear,http://openweathermap.org/img/wn/01d@2x.png,26.13,42.87,39,11,W,0,0,1029,5,1635789600,-18000
177,South Dakota,Sioux Falls,2,Tue 11/2,Clear,sky is clear,http://openweathermap.org/img/wn/01d@2x.png,27.46,42.26,42,6,W,0,0,1030,0,1635876000,-18000
178,South Dakota,Sioux Falls,3,Wed 11/3,Clouds,overcast clouds,http://openweathermap.org/img/wn/04d@2x.png,29.75,44.87,63,8,S,0,0,1028,91,1635962400,-18000
179,South Dakota,Sioux Falls,4,Thu 11/4,Clear,sky is clear,http://openweathermap.org/img/wn/01d@2x.png,35.11,53.76,64,12,S,0,0,1021,0,1636048800,-18000
180,South Dakota,Sioux Falls,5,Fri 11/5,Clear,sky is clear,http://openweathermap.org/img/wn/01d@2x.png,40.37,55.96,58,21,S,0,0,1012,1,1636135200,-18000
181,Wisconsin,Green Bay,1,Mon 11/1,Clear,sky is clear,http://openweathermap.org/img/wn/01d@2x.png,32.34,45.45,45,16,W,0,0,1023,5,1635786000,-18000
182,Wisconsin,Green Bay,2,Tue 11/2,Clouds,few clouds,http://openweathermap.org/img/wn/02d@2x.png,27.18,42.04,45,13,W,0,0,1026,14,1635872400,-18000
183,Wisconsin,Green Bay,3,Wed 11/3,Clear,sky is clear,http://openweathermap.org/img/wn/01d@2x.png,25.99,42.51,41,9,W,0,0,1029,8,1635958800,-18000
184,Wisconsin,Green Bay,4,Thu 11/4,Clouds,overcast clouds,http://openweathermap.org/img/wn/04d@2x.png,26.65,47.3,38,11,SW,0,0,1024,86,1636045200,-18000
185,Wisconsin,Green Bay,5,Fri 11/5,Clear,sky is clear,http://openweathermap.org/img/wn/01d@2x.png,33.03,53.01,49,12,SW,0,0,1021,10,1636131600,-18000
186,Wisconsin,La Crosse,1,Mon 11/1,Clouds,broken clouds,http://openweathermap.org/img/wn/04d@2x.png,31.01,45.09,40,14,W,0,0,1026,78,1635786000,-18000
187,Wisconsin,La Crosse,2,Tue 11/2,Clouds,few clouds,http://openweathermap.org/img/wn/02d@2x.png,25.5,42.84,50,11,W,0,0,1029,16,1635872400,-18000
188,Wisconsin,La Crosse,3,Wed 11/3,Clouds,few clouds,http://openweathermap.org/img/wn/02d@2x.png,24.35,43.59,40,5,W,0,0,1030,18,1635958800,-18000
189,Wisconsin,La Crosse,4,Thu 11/4,Clear,sky is clear,http://openweathermap.org/img/wn/01d@2x.png,27.32,52.41,51,10,SW,0,0,1023,9,1636045200,-18000
190,Wisconsin,La Crosse,5,Fri 11/5,Clear,sky is clear,http://openweathermap.org/img/wn/01d@2x.png,32.77,54.07,46,13,S,0,0,1020,10,1636131600,-18000
191,Wisconsin,Milwaukee/Sullivan,1,Mon 11/1,Clouds,overcast clouds,http://openweathermap.org/img/wn/04d@2x.png,30.83,45.43,40,16,W,0,0,1025,96,1635786000,-18000
192,Wisconsin,Milwaukee/Sullivan,2,Tue 11/2,Clear,sky is clear,http://openweathermap.org/img/wn/01d@2x.png,26.46,41.56,48,14,W,0,0,1028,9,1635872400,-18000
193,Wisconsin,Milwaukee/Sullivan,3,Wed 11/3,Clear,sky is clear,http://openweathermap.org/img/wn/01d@2x.png,24.51,42.22,42,7,W,0,0,1030,4,1635958800,-18000
194,Wisconsin,Milwaukee/Sullivan,4,Thu 11/4,Clear,sky is clear,http://openweathermap.org/img/wn/01d@2x.png,26.6,47.97,48,10,SW,0,0,1025,7,1636045200,-18000
195,Wisconsin,Milwaukee/Sullivan,5,Fri 11/5,Clouds,few clouds,http://openweathermap.org/img/wn/02d@2x.png,31.73,50.76,48,12,SW,0,0,1023,16,1636131600,-18000
196,Wyoming,Cheyenne,1,Mon 11/1,Snow,snow,http://openweathermap.org/img/wn/13d@2x.png,27.46,39,79,12,S,0,3.44,1024,99,1635789600,-21600
197,Wyoming,Cheyenne,2,Tue 11/2,Snow,rain and snow,http://openweathermap.org/img/wn/13d@2x.png,31.87,45.28,80,14,S,4.57,0.29,1020,100,1635876000,-21600
198,Wyoming,Cheyenne,3,Wed 11/3,Rain,light rain,http://openweathermap.org/img/wn/10d@2x.png,38.08,52.05,48,10,NW,0.11,0,1021,28,1635962400,-21600
199,Wyoming,Cheyenne,4,Thu 11/4,Clear,sky is clear,http://openweathermap.org/img/wn/01d@2x.png,37.27,57.67,31,10,S,0,0,1015,6,1636048800,-21600
200,Wyoming,Cheyenne,5,Fri 11/5,Clear,sky is clear,http://openweathermap.org/img/wn/01d@2x.png,44.53,55.81,33,32,W,0,0,1009,0,1636135200,-21600
201,Wyoming,Riverton,1,Mon 11/1,Clouds,overcast clouds,http://openweathermap.org/img/wn/04d@2x.png,30.67,43.92,61,9,NE,0,0,1024,92,1635789600,-21600
202,Wyoming,Riverton,2,Tue 11/2,Clouds,overcast clouds,http://openweathermap.org/img/wn/04d@2x.png,35.91,47.82,54,4,W,0,0,1019,100,1635876000,-21600
203,Wyoming,Riverton,3,Wed 11/3,Clear,sky is clear,http://openweathermap.org/img/wn/01d@2x.png,38.53,53.01,47,6,N,0,0,1022,2,1635962400,-21600
204,Wyoming,Riverton,4,Thu 11/4,Clouds,scattered clouds,http://openweathermap.org/img/wn/03d@2x.png,39.16,57.16,37,6,SE,0,0,1013,44,1636048800,-21600
205,Wyoming,Riverton,5,Fri 11/5,Clouds,few clouds,http://openweathermap.org/img/wn/02d@2x.png,43.29,52.81,31,21,S,0,0,1012,22,1636135200,-21600
206,Maine,Caribou,1,Mon 11/1,Rain,light rain,http://openweathermap.org/img/wn/10d@2x.png,38.48,48.79,77,19,SW,0.53,0,1003,81,1635782400,-14400
207,Maine,Caribou,2,Tue 11/2,Clouds,scattered clouds,http://openweathermap.org/img/wn/03d@2x.png,33.55,46.44,53,14,SW,0,0,1017,26,1635868800,-14400
208,Maine,Caribou,3,Wed 11/3,Clouds,scattered clouds,http://openweathermap.org/img/wn/03d@2x.png,29.01,42.8,48,10,W,0,0,1019,35,1635955200,-14400
209,Maine,Caribou,4,Thu 11/4,Clouds,scattered clouds,http://openweathermap.org/img/wn/03d@2x.png,28.38,40.28,58,7,SW,0,0,1026,33,1636041600,-14400
210,Maine,Caribou,5,Fri 11/5,Clouds,broken clouds,http://openweathermap.org/img/wn/04d@2x.png,27.9,40.95,53,6,SW,0,0,1023,80,1636128000,-14400
211,Maine,Gray/Portland,1,Mon 11/1,Clear,sky is clear,http://openweathermap.org/img/wn/01d@2x.png,42.26,54.36,53,13,SW,0,0,1010,5,1635782400,-14400
212,Maine,Gray/Portland,2,Tue 11/2,Clouds,broken clouds,http://openweathermap.org/img/wn/04d@2x.png,37.89,51.66,48,8,SW,0,0,1020,53,1635868800,-14400
213,Maine,Gray/Portland,3,Wed 11/3,Rain,light rain,http://openweathermap.org/img/wn/10d@2x.png,32.4,47.86,56,6,W,0.78,0,1021,34,1635955200,-14400
214,Maine,Gray/Portland,4,Thu 11/4,Clouds,few clouds,http://openweathermap.org/img/wn/02d@2x.png,30.61,46.74,45,6,SE,0,0,1027,14,1636041600,-14400
215,Maine,Gray/Portland,5,Fri 11/5,Clouds,scattered clouds,http://openweathermap.org/img/wn/03d@2x.png,32.45,48.33,56,4,SW,0,0,1023,38,1636128000,-14400
216,Massachusetts,Boston,1,Mon 11/1,Clear,sky is clear,http://openweathermap.org/img/wn/01d@2x.png,42.75,57.27,57,13,W,0,0,1014,4,1635782400,-14400
217,Massachusetts,Boston,2,Tue 11/2,Clouds,broken clouds,http://openweathermap.org/img/wn/04d@2x.png,39.87,54.84,45,9,SW,0,0,1022,70,1635868800,-14400
218,Massachusetts,Boston,3,Wed 11/3,Clear,sky is clear,http://openweathermap.org/img/wn/01d@2x.png,36.63,50.92,50,10,W,0,0,1023,1,1635955200,-14400
219,Massachusetts,Boston,4,Thu 11/4,Clouds,overcast clouds,http://openweathermap.org/img/wn/04d@2x.png,36.32,50.05,54,4,NE,0,0,1027,100,1636041600,-14400
220,Massachusetts,Boston,5,Fri 11/5,Rain,light rain,http://openweathermap.org/img/wn/10d@2x.png,37.02,47.48,84,6,NW,0.74,0,1023,100,1636128000,-14400
221,New Jersey,Mount Holly/Philadelphia,1,Mon 11/1,Clouds,few clouds,http://openweathermap.org/img/wn/02d@2x.png,48.69,58.68,52,12,W,0,0,1019,16,1635782400,-14400
222,New Jersey,Mount Holly/Philadelphia,2,Tue 11/2,Rain,light rain,http://openweathermap.org/img/wn/10d@2x.png,42.64,52.56,53,12,W,0.72,0,1025,96,1635868800,-14400
223,New Jersey,Mount Holly/Philadelphia,3,Wed 11/3,Clouds,few clouds,http://openweathermap.org/img/wn/02d@2x.png,39.04,52.45,47,8,W,0,0,1026,15,1635955200,-14400
224,New Jersey,Mount Holly/Philadelphia,4,Thu 11/4,Clouds,overcast clouds,http://openweathermap.org/img/wn/04d@2x.png,41.02,51.62,49,6,N,0,0,1026,100,1636041600,-14400
225,New Jersey,Mount Holly/Philadelphia,5,Fri 11/5,Clear,sky is clear,http://openweathermap.org/img/wn/01d@2x.png,39.2,52.77,49,9,N,0,0,1024,0,1636128000,-14400
226,New York,Albany,1,Mon 11/1,Clouds,scattered clouds,http://openweathermap.org/img/wn/03d@2x.png,43.36,53.35,54,13,W,0,0,1016,25,1635782400,-14400
227,New York,Albany,2,Tue 11/2,Rain,light rain,http://openweathermap.org/img/wn/10d@2x.png,38.46,48.38,53,9,SW,0.12,0,1022,97,1635868800,-14400
228,New York,Albany,3,Wed 11/3,Clouds,scattered clouds,http://openweathermap.org/img/wn/03d@2x.png,34.32,45.97,62,9,W,0,0,1025,26,1635955200,-14400
229,New York,Albany,4,Thu 11/4,Clouds,scattered clouds,http://openweathermap.org/img/wn/03d@2x.png,33.1,47.59,61,2,NW,0,0,1027,42,1636041600,-14400
230,New York,Albany,5,Fri 11/5,Clear,sky is clear,http://openweathermap.org/img/wn/01d@2x.png,33.01,48.43,56,5,NW,0,0,1025,8,1636128000,-14400
231,New York,Binghamton,1,Mon 11/1,Rain,light rain,http://openweathermap.org/img/wn/10d@2x.png,37.83,50.31,60,13,W,0.27,0,1018,3,1635782400,-14400
232,New York,Binghamton,2,Tue 11/2,Rain,light rain,http://openweathermap.org/img/wn/10d@2x.png,33.35,45.75,67,10,W,0.65,0,1023,100,1635868800,-14400
233,New York,Binghamton,3,Wed 11/3,Rain,light rain,http://openweathermap.org/img/wn/10d@2x.png,30.79,40.98,75,9,W,0.19,0,1026,24,1635955200,-14400
234,New York,Binghamton,4,Thu 11/4,Clouds,overcast clouds,http://openweathermap.org/img/wn/04d@2x.png,30.72,45.68,63,3,SW,0,0,1027,89,1636041600,-14400
235,New York,Binghamton,5,Fri 11/5,Clear,sky is clear,http://openweathermap.org/img/wn/01d@2x.png,29.32,45.28,63,6,W,0,0,1025,8,1636128000,-14400
236,New York,Buffalo,1,Mon 11/1,Clear,sky is clear,http://openweathermap.org/img/wn/01d@2x.png,42.94,50.92,54,16,SW,0,0,1019,7,1635782400,-14400
237,New York,Buffalo,2,Tue 11/2,Clouds,scattered clouds,http://openweathermap.org/img/wn/03d@2x.png,38.84,47.44,44,15,SW,0,0,1022,26,1635868800,-14400
238,New York,Buffalo,3,Wed 11/3,Snow,light snow,http://openweathermap.org/img/wn/13d@2x.png,34.3,44.64,67,7,W,0,0.2,1026,16,1635955200,-14400
239,New York,Buffalo,4,Thu 11/4,Rain,light rain,http://openweathermap.org/img/wn/10d@2x.png,34.3,44.69,66,7,S,0.14,0,1027,99,1636041600,-14400
240,New York,Buffalo,5,Fri 11/5,Snow,light snow,http://openweathermap.org/img/wn/13d@2x.png,32.56,47.79,58,10,SW,0,0.36,1025,12,1636128000,-14400
241,New York,New York/Upton,1,Mon 11/1,Clear,sky is clear,http://openweathermap.org/img/wn/01d@2x.png,51.35,58.8,56,19,W,0,0,1017,2,1635782400,-14400
242,New York,New York/Upton,2,Tue 11/2,Clouds,overcast clouds,http://openweathermap.org/img/wn/04d@2x.png,50.67,54.93,48,16,SW,0,0,1023,99,1635868800,-14400
243,New York,New York/Upton,3,Wed 11/3,Clear,sky is clear,http://openweathermap.org/img/wn/01d@2x.png,46.11,51.35,52,12,W,0,0,1024,1,1635955200,-14400
244,New York,New York/Upton,4,Thu 11/4,Clouds,overcast clouds,http://openweathermap.org/img/wn/04d@2x.png,46.89,50.02,61,10,N,0,0,1026,100,1636041600,-14400
245,New York,New York/Upton,5,Fri 11/5,Rain,light rain,http://openweathermap.org/img/wn/10d@2x.png,46.8,51.03,61,11,N,0.34,0,1023,80,1636128000,-14400
246,North Carolina,Newport/Morehead City,1,Mon 11/1,Clear,sky is clear,http://openweathermap.org/img/wn/01d@2x.png,50.95,69.76,59,9,NW,0,0,1021,0,1635782400,-14400
247,North Carolina,Newport/Morehead City,2,Tue 11/2,Clear,sky is clear,http://openweathermap.org/img/wn/01d@2x.png,58.23,70.34,56,12,N,0,0,1023,0,1635868800,-14400
248,North Carolina,Newport/Morehead City,3,Wed 11/3,Clouds,overcast clouds,http://openweathermap.org/img/wn/04d@2x.png,54.99,60.01,76,14,N,0,0,1024,100,1635955200,-14400
249,North Carolina,Newport/Morehead City,4,Thu 11/4,Clouds,overcast clouds,http://openweathermap.org/img/wn/04d@2x.png,49.32,58.95,80,14,N,0,0,1021,98,1636041600,-14400
250,North Carolina,Newport/Morehead City,5,Fri 11/5,Rain,light rain,http://openweathermap.org/img/wn/10d@2x.png,48.78,54.1,87,15,N,1.88,0,1021,100,1636128000,-14400
251,North Carolina,Raleigh,1,Mon 11/1,Clear,sky is clear,http://openweathermap.org/img/wn/01d@2x.png,45.36,68.49,54,10,NW,0,0,1023,0,1635782400,-14400
252,North Carolina,Raleigh,2,Tue 11/2,Clear,sky is clear,http://openweathermap.org/img/wn/01d@2x.png,51.67,68.11,52,12,N,0,0,1023,4,1635868800,-14400
253,North Carolina,Raleigh,3,Wed 11/3,Rain,light rain,http://openweathermap.org/img/wn/10d@2x.png,43.14,50.97,65,10,N,1.56,0,1027,100,1635955200,-14400
254,North Carolina,Raleigh,4,Thu 11/4,Rain,moderate rain,http://openweathermap.org/img/wn/10d@2x.png,42.26,43.43,89,9,N,10.64,0,1024,100,1636041600,-14400
255,North Carolina,Raleigh,5,Fri 11/5,Clouds,broken clouds,http://openweathermap.org/img/wn/04d@2x.png,40.14,52.52,66,12,N,0,0,1025,77,1636128000,-14400
256,North Carolina,Wilmington,1,Mon 11/1,Clear,sky is clear,http://openweathermap.org/img/wn/01d@2x.png,50.38,70.86,55,8,NW,0,0,1022,0,1635782400,-14400
257,North Carolina,Wilmington,2,Tue 11/2,Rain,light rain,http://openweathermap.org/img/wn/10d@2x.png,58.23,73.17,55,10,N,0.27,0,1023,21,1635868800,-14400
258,North Carolina,Wilmington,3,Wed 11/3,Clouds,overcast clouds,http://openweathermap.org/img/wn/04d@2x.png,52.79,60.46,75,12,N,0,0,1024,100,1635955200,-14400
259,North Carolina,Wilmington,4,Thu 11/4,Clouds,overcast clouds,http://openweathermap.org/img/wn/04d@2x.png,49.37,59.5,77,12,N,0,0,1021,98,1636041600,-14400
260,North Carolina,Wilmington,5,Fri 11/5,Rain,light rain,http://openweathermap.org/img/wn/10d@2x.png,47.57,53.83,74,14,N,0.69,0,1021,100,1636128000,-14400
261,Ohio,Cleveland,1,Mon 11/1,Clouds,few clouds,http://openweathermap.org/img/wn/02d@2x.png,40.62,49.78,53,22,W,0,0,1024,14,1635786000,-14400
262,Ohio,Cleveland,2,Tue 11/2,Rain,light rain,http://openweathermap.org/img/wn/10d@2x.png,39.56,46.09,51,16,SW,0.95,0,1025,19,1635872400,-14400
263,Ohio,Cleveland,3,Wed 11/3,Rain,light rain,http://openweathermap.org/img/wn/10d@2x.png,37.98,43.68,52,12,W,0.13,0,1028,89,1635958800,-14400
264,Ohio,Cleveland,4,Thu 11/4,Rain,light rain,http://openweathermap.org/img/wn/10d@2x.png,36.27,44.26,55,11,W,0.69,0,1025,83,1636045200,-14400
265,Ohio,Cleveland,5,Fri 11/5,Clouds,few clouds,http://openweathermap.org/img/wn/02d@2x.png,37.18,47.95,57,11,SW,0,0,1026,11,1636131600,-14400
266,Ohio,Wilmington,1,Mon 11/1,Clouds,overcast clouds,http://openweathermap.org/img/wn/04d@2x.png,36.03,50.52,48,13,NW,0,0,1026,93,1635786000,-14400
267,Ohio,Wilmington,2,Tue 11/2,Clear,sky is clear,http://openweathermap.org/img/wn/01d@2x.png,34.97,47.55,46,11,W,0,0,1027,6,1635872400,-14400
268,Ohio,Wilmington,3,Wed 11/3,Clouds,overcast clouds,http://openweathermap.org/img/wn/04d@2x.png,32.41,43.9,44,5,NW,0,0,1029,100,1635958800,-14400
269,Ohio,Wilmington,4,Thu 11/4,Clear,sky is clear,http://openweathermap.org/img/wn/01d@2x.png,30.6,45.63,45,6,N,0,0,1025,5,1636045200,-14400
270,Ohio,Wilmington,5,Fri 11/5,Clear,sky is clear,http://openweathermap.org/img/wn/01d@2x.png,30.9,48.04,42,5,E,0,0,1026,0,1636131600,-14400
271,Pennsylvania,Pittsburgh,1,Mon 11/1,Clear,sky is clear,http://openweathermap.org/img/wn/01d@2x.png,39.78,51.44,45,11,W,0,0,1024,10,1635786000,-14400
272,Pennsylvania,Pittsburgh,2,Tue 11/2,Clouds,broken clouds,http://openweathermap.org/img/wn/04d@2x.png,34.43,47.35,49,10,W,0,0,1025,72,1635872400,-14400
273,Pennsylvania,Pittsburgh,3,Wed 11/3,Clouds,scattered clouds,http://openweathermap.org/img/wn/03d@2x.png,29.95,45.18,44,5,SW,0,0,1027,33,1635958800,-14400
274,Pennsylvania,Pittsburgh,4,Thu 11/4,Clouds,scattered clouds,http://openweathermap.org/img/wn/03d@2x.png,30.81,46.24,42,4,NW,0,0,1024,34,1636045200,-14400
275,Pennsylvania,Pittsburgh,5,Fri 11/5,Clear,sky is clear,http://openweathermap.org/img/wn/01d@2x.png,29.44,47.25,48,3,W,0,0,1026,7,1636131600,-14400
276,Pennsylvania,State College,1,Mon 11/1,Clouds,few clouds,http://openweathermap.org/img/wn/02d@2x.png,39.54,50.47,58,13,W,0,0,1021,12,1635782400,-14400
277,Pennsylvania,State College,2,Tue 11/2,Clouds,overcast clouds,http://openweathermap.org/img/wn/04d@2x.png,33.17,45.99,56,10,SW,0,0,1024,99,1635868800,-14400
278,Pennsylvania,State College,3,Wed 11/3,Clouds,overcast clouds,http://openweathermap.org/img/wn/04d@2x.png,29.95,43.23,67,7,W,0,0,1028,100,1635955200,-14400
279,Pennsylvania,State College,4,Thu 11/4,Clouds,overcast clouds,http://openweathermap.org/img/wn/04d@2x.png,29.68,46.08,61,2,W,0,0,1027,95,1636041600,-14400
280,Pennsylvania,State College,5,Fri 11/5,Clear,sky is clear,http://openweathermap.org/img/wn/01d@2x.png,28.4,46.29,58,5,NW,0,0,1026,6,1636128000,-14400
281,South Carolina,Charleston,1,Mon 11/1,Clear,sky is clear,http://openweathermap.org/img/wn/01d@2x.png,52.74,73.13,42,7,N,0,0,1022,0,1635786000,-14400
282,South Carolina,Charleston,2,Tue 11/2,Clear,sky is clear,http://openweathermap.org/img/wn/01d@2x.png,55.76,76.21,41,4,N,0,0,1022,0,1635872400,-14400
283,South Carolina,Charleston,3,Wed 11/3,Clear,sky is clear,http://openweathermap.org/img/wn/01d@2x.png,53.37,69.66,52,9,N,0,0,1021,9,1635958800,-14400
284,South Carolina,Charleston,4,Thu 11/4,Clouds,overcast clouds,http://openweathermap.org/img/wn/04d@2x.png,51.44,66,55,9,N,0,0,1018,90,1636045200,-14400
285,South Carolina,Charleston,5,Fri 11/5,Rain,light rain,http://openweathermap.org/img/wn/10d@2x.png,48.54,57.67,60,12,N,0.28,0,1019,100,1636131600,-14400
286,South Carolina,Columbia,1,Mon 11/1,Clear,sky is clear,http://openweathermap.org/img/wn/01d@2x.png,45.54,72.36,41,7,NE,0,0,1023,0,1635786000,-14400
287,South Carolina,Columbia,2,Tue 11/2,Clear,sky is clear,http://openweathermap.org/img/wn/01d@2x.png,53.2,74.41,39,5,SW,0,0,1022,0,1635872400,-14400
288,South Carolina,Columbia,3,Wed 11/3,Clouds,scattered clouds,http://openweathermap.org/img/wn/03d@2x.png,50.9,64.54,46,11,NE,0,0,1022,48,1635958800,-14400
289,South Carolina,Columbia,4,Thu 11/4,Rain,light rain,http://openweathermap.org/img/wn/10d@2x.png,45.34,55.65,64,11,N,2.19,0,1020,99,1636045200,-14400
290,South Carolina,Columbia,5,Fri 11/5,Rain,light rain,http://openweathermap.org/img/wn/10d@2x.png,45.07,58.1,43,12,N,0.12,0,1021,59,1636131600,-14400
291,South Carolina,Greenville-Spartanburg,1,Mon 11/1,Clear,sky is clear,http://openweathermap.org/img/wn/01d@2x.png,45.59,67.78,49,11,NW,0,0,1023,0,1635786000,-14400
292,South Carolina,Greenville-Spartanburg,2,Tue 11/2,Clouds,few clouds,http://openweathermap.org/img/wn/02d@2x.png,49.37,69.35,53,7,N,0,0,1022,11,1635872400,-14400
293,South Carolina,Greenville-Spartanburg,3,Wed 11/3,Rain,light rain,http://openweathermap.org/img/wn/10d@2x.png,43.21,53.19,58,10,N,2.4,0,1024,98,1635958800,-14400
294,South Carolina,Greenville-Spartanburg,4,Thu 11/4,Rain,moderate rain,http://openweathermap.org/img/wn/10d@2x.png,42.3,42.69,95,9,N,11.73,0,1022,100,1636045200,-14400
295,South Carolina,Greenville-Spartanburg,5,Fri 11/5,Clouds,few clouds,http://openweathermap.org/img/wn/02d@2x.png,38.89,54.43,43,10,NE,0,0,1022,19,1636131600,-14400
296,Vermont,Burlington,1,Mon 11/1,Rain,light rain,http://openweathermap.org/img/wn/10d@2x.png,42.66,52.84,56,18,W,0.15,0,1013,24,1635782400,-14400
297,Vermont,Burlington,2,Tue 11/2,Rain,light rain,http://openweathermap.org/img/wn/10d@2x.png,37.81,45.97,68,10,S,1.73,0,1020,62,1635868800,-14400
298,Vermont,Burlington,3,Wed 11/3,Snow,rain and snow,http://openweathermap.org/img/wn/13d@2x.png,34.95,41.56,82,5,NW,1,0.16,1024,98,1635955200,-14400
299,Vermont,Burlington,4,Thu 11/4,Rain,light rain,http://openweathermap.org/img/wn/10d@2x.png,32.79,43.2,67,7,S,0.79,0,1027,41,1636041600,-14400
300,Vermont,Burlington,5,Fri 11/5,Clouds,broken clouds,http://openweathermap.org/img/wn/04d@2x.png,34.14,44.96,67,6,S,0,0,1024,70,1636128000,-14400
301,Virginia,Baltimore/Washington,1,Mon 11/1,Clouds,few clouds,http://openweathermap.org/img/wn/02d@2x.png,46.22,58.41,51,12,NW,0,0,1022,16,1635782400,-14400
302,Virginia,Baltimore/Washington,2,Tue 11/2,Rain,moderate rain,http://openweathermap.org/img/wn/10d@2x.png,39.09,46.33,92,7,W,3.98,0,1026,100,1635868800,-14400
303,Virginia,Baltimore/Washington,3,Wed 11/3,Clouds,broken clouds,http://openweathermap.org/img/wn/04d@2x.png,34.38,50.09,58,8,NW,0,0,1028,70,1635955200,-14400
304,Virginia,Baltimore/Washington,4,Thu 11/4,Clouds,overcast clouds,http://openweathermap.org/img/wn/04d@2x.png,38.66,49.08,51,4,N,0,0,1026,100,1636041600,-14400
305,Virginia,Baltimore/Washington,5,Fri 11/5,Clear,sky is clear,http://openweathermap.org/img/wn/01d@2x.png,34.2,50.9,52,10,NW,0,0,1026,0,1636128000,-14400
306,Virginia,Blacksburg/Roanoke,1,Mon 11/1,Clouds,scattered clouds,http://openweathermap.org/img/wn/03d@2x.png,42.53,57.92,49,10,W,0,0,1023,29,1635786000,-14400
307,Virginia,Blacksburg/Roanoke,2,Tue 11/2,Rain,light rain,http://openweathermap.org/img/wn/10d@2x.png,40.5,44.04,81,6,W,0.33,0,1026,100,1635872400,-14400
308,Virginia,Blacksburg/Roanoke,3,Wed 11/3,Clouds,overcast clouds,http://openweathermap.org/img/wn/04d@2x.png,32.25,51.44,36,3,NW,0,0,1024,99,1635958800,-14400
309,Virginia,Blacksburg/Roanoke,4,Thu 11/4,Snow,rain and snow,http://openweathermap.org/img/wn/13d@2x.png,35.85,38.16,98,3,E,2.11,2.55,1024,100,1636045200,-14400
310,Virginia,Blacksburg/Roanoke,5,Fri 11/5,Clear,sky is clear,http://openweathermap.org/img/wn/01d@2x.png,27.79,49.48,38,3,NW,0,0,1024,2,1636131600,-14400
311,Virginia,Wakefield,1,Mon 11/1,Clear,sky is clear,http://openweathermap.org/img/wn/01d@2x.png,46.74,65.86,61,6,N,0,0,1022,0,1635782400,-14400
312,Virginia,Wakefield,2,Tue 11/2,Rain,light rain,http://openweathermap.org/img/wn/10d@2x.png,47.01,60.91,57,10,NW,0.74,0,1024,76,1635868800,-14400
313,Virginia,Wakefield,3,Wed 11/3,Rain,light rain,http://openweathermap.org/img/wn/10d@2x.png,45,49.64,60,7,N,0.13,0,1027,100,1635955200,-14400
314,Virginia,Wakefield,4,Thu 11/4,Rain,light rain,http://openweathermap.org/img/wn/10d@2x.png,42.04,44.49,90,7,NW,7.14,0,1025,100,1636041600,-14400
315,Virginia,Wakefield,5,Fri 11/5,Rain,light rain,http://openweathermap.org/img/wn/10d@2x.png,38.66,52.36,66,11,N,0.3,0,1024,93,1636128000,-14400
316,West Virginia,Charleston,1,Mon 11/1,Clear,sky is clear,http://openweathermap.org/img/wn/01d@2x.png,45.1,57.76,44,6,NW,0,0,1025,4,1635786000,-14400
317,West Virginia,Charleston,2,Tue 11/2,Rain,light rain,http://openweathermap.org/img/wn/10d@2x.png,39.43,45.82,88,4,W,3.04,0,1028,100,1635872400,-14400
318,West Virginia,Charleston,3,Wed 11/3,Clouds,overcast clouds,http://openweathermap.org/img/wn/04d@2x.png,33.33,47.1,47,5,N,0,0,1028,99,1635958800,-14400
319,West Virginia,Charleston,4,Thu 11/4,Clouds,overcast clouds,http://openweathermap.org/img/wn/04d@2x.png,33.28,48.11,45,5,N,0,0,1023,100,1636045200,-14400
320,West Virginia,Charleston,5,Fri 11/5,Clear,sky is clear,http://openweathermap.org/img/wn/01d@2x.png,30.02,50.59,41,5,N,0,0,1026,0,1636131600,-14400
321,Guam,Guam,1,Mon 11/1,Rain,moderate rain,http://openweathermap.org/img/wn/10d@2x.png,80.35,83.95,75,13,SE,3.53,0,1012,100,1635732000,36000
322,Guam,Guam,2,Tue 11/2,Rain,moderate rain,http://openweathermap.org/img/wn/10d@2x.png,79.63,84.04,69,7,NE,4.92,0,1011,78,1635818400,36000
323,Guam,Guam,3,Wed 11/3,Rain,light rain,http://openweathermap.org/img/wn/10d@2x.png,80.15,84.16,74,10,NE,3.56,0,1009,34,1635904800,36000
324,Guam,Guam,4,Thu 11/4,Rain,light rain,http://openweathermap.org/img/wn/10d@2x.png,80.69,84.38,73,10,NE,1.27,0,1009,14,1635991200,36000
325,Guam,Guam,5,Fri 11/5,Rain,light rain,http://openweathermap.org/img/wn/10d@2x.png,80.62,84.45,70,9,E,5.32,0,1008,50,1636077600,36000
326,Hawaii,Honolulu,1,Mon 11/1,Rain,light rain,http://openweathermap.org/img/wn/10d@2x.png,72.18,77.14,70,6,SW,0.14,0,1015,0,1635804000,-36000
327,Hawaii,Honolulu,2,Tue 11/2,Rain,light rain,http://openweathermap.org/img/wn/10d@2x.png,73.47,77.27,69,8,NE,1.59,0,1016,9,1635890400,-36000
328,Hawaii,Honolulu,3,Wed 11/3,Rain,light rain,http://openweathermap.org/img/wn/10d@2x.png,74.48,78.04,74,16,NE,1.78,0,1018,22,1635976800,-36000
329,Hawaii,Honolulu,4,Thu 11/4,Rain,light rain,http://openweathermap.org/img/wn/10d@2x.png,75.43,77.68,72,20,NE,0.9,0,1018,33,1636063200,-36000
330,Hawaii,Honolulu,5,Fri 11/5,Rain,light rain,http://openweathermap.org/img/wn/10d@2x.png,74.93,77.59,75,20,NE,0.51,0,1017,71,1636149600,-36000
331,Alabama,Birmingham,1,Mon 11/1,Clear,sky is clear,http://openweathermap.org/img/wn/01d@2x.png,46.09,70.86,52,6,N,0,0,1023,0,1635786000,-18000
332,Alabama,Birmingham,2,Tue 11/2,Clear,sky is clear,http://openweathermap.org/img/wn/01d@2x.png,48.42,68.74,52,7,NW,0,0,1024,0,1635872400,-18000
333,Alabama,Birmingham,3,Wed 11/3,Clouds,overcast clouds,http://openweathermap.org/img/wn/04d@2x.png,47.35,59.67,57,9,N,0,0,1022,100,1635958800,-18000
334,Alabama,Birmingham,4,Thu 11/4,Rain,light rain,http://openweathermap.org/img/wn/10d@2x.png,48.15,50.13,95,7,N,2.47,0,1020,100,1636045200,-18000
335,Alabama,Birmingham,5,Fri 11/5,Clouds,scattered clouds,http://openweathermap.org/img/wn/03d@2x.png,42.4,59.77,62,8,NE,0,0,1021,45,1636131600,-18000
336,Alabama,Huntsville,1,Mon 11/1,Clear,sky is clear,http://openweathermap.org/img/wn/01d@2x.png,47.79,64.26,58,8,N,0,0,1024,1,1635786000,-18000
337,Alabama,Huntsville,2,Tue 11/2,Clouds,broken clouds,http://openweathermap.org/img/wn/04d@2x.png,44.69,58.86,56,11,N,0,0,1026,75,1635872400,-18000
338,Alabama,Huntsville,3,Wed 11/3,Rain,light rain,http://openweathermap.org/img/wn/10d@2x.png,44.62,45.82,92,9,N,5.37,0,1025,100,1635958800,-18000
339,Alabama,Huntsville,4,Thu 11/4,Rain,light rain,http://openweathermap.org/img/wn/10d@2x.png,40.69,45.52,93,7,N,10.62,0,1022,100,1636045200,-18000
340,Alabama,Huntsville,5,Fri 11/5,Clear,sky is clear,http://openweathermap.org/img/wn/01d@2x.png,35.51,56.95,50,5,NE,0,0,1022,0,1636131600,-18000
341,Alabama,Mobile/Pensacola,1,Mon 11/1,Clouds,scattered clouds,http://openweathermap.org/img/wn/03d@2x.png,47.84,73.54,52,5,N,0,0,1023,26,1635786000,-18000
342,Alabama,Mobile/Pensacola,2,Tue 11/2,Clear,sky is clear,http://openweathermap.org/img/wn/01d@2x.png,52.57,73.67,51,6,N,0,0,1023,0,1635872400,-18000
343,Alabama,Mobile/Pensacola,3,Wed 11/3,Clouds,broken clouds,http://openweathermap.org/img/wn/04d@2x.png,51.55,70.38,51,6,N,0,0,1020,53,1635958800,-18000
344,Alabama,Mobile/Pensacola,4,Thu 11/4,Clouds,overcast clouds,http://openweathermap.org/img/wn/04d@2x.png,50.4,62.2,65,9,N,0,0,1019,100,1636045200,-18000
345,Alabama,Mobile/Pensacola,5,Fri 11/5,Clouds,overcast clouds,http://openweathermap.org/img/wn/04d@2x.png,50.68,64.87,63,9,NW,0,0,1020,92,1636131600,-18000
346,Arkansas,Little Rock,1,Mon 11/1,Clouds,overcast clouds,http://openweathermap.org/img/wn/04d@2x.png,45.79,64.27,43,8,NE,0,0,1027,87,1635786000,-18000
347,Arkansas,Little Rock,2,Tue 11/2,Rain,light rain,http://openweathermap.org/img/wn/10d@2x.png,46.76,57.42,52,10,NE,0.27,0,1028,71,1635872400,-18000
348,Arkansas,Little Rock,3,Wed 11/3,Rain,moderate rain,http://openweathermap.org/img/wn/10d@2x.png,40.98,45.1,92,10,NE,17.05,0,1026,100,1635958800,-18000
349,Arkansas,Little Rock,4,Thu 11/4,Clouds,few clouds,http://openweathermap.org/img/wn/02d@2x.png,39.22,53.85,37,9,N,0,0,1026,15,1636045200,-18000
350,Arkansas,Little Rock,5,Fri 11/5,Clear,sky is clear,http://openweathermap.org/img/wn/01d@2x.png,35.46,55.98,36,5,NE,0,0,1025,0,1636131600,-18000
351,Florida,Jacksonville,1,Mon 11/1,Clouds,overcast clouds,http://openweathermap.org/img/wn/04d@2x.png,52.48,73.76,54,7,NE,0,0,1021,100,1635786000,-14400
352,Florida,Jacksonville,2,Tue 11/2,Rain,light rain,http://openweathermap.org/img/wn/10d@2x.png,63.97,76.44,56,7,NE,0.12,0,1021,29,1635872400,-14400
353,Florida,Jacksonville,3,Wed 11/3,Rain,light rain,http://openweathermap.org/img/wn/10d@2x.png,61.57,77.54,49,9,NE,0.21,0,1019,5,1635958800,-14400
354,Florida,Jacksonville,4,Thu 11/4,Rain,light rain,http://openweathermap.org/img/wn/10d@2x.png,66.07,73.63,69,10,N,2.19,0,1016,38,1636045200,-14400
355,Florida,Jacksonville,5,Fri 11/5,Rain,moderate rain,http://openweathermap.org/img/wn/10d@2x.png,56.71,64.62,89,12,NW,24.2,0,1018,100,1636131600,-14400
356,Florida,Key West,1,Mon 11/1,Rain,light rain,http://openweathermap.org/img/wn/10d@2x.png,73.92,77.32,75,15,N,0.87,0,1019,78,1635786000,-14400
357,Florida,Key West,2,Tue 11/2,Rain,light rain,http://openweathermap.org/img/wn/10d@2x.png,75.34,79.09,63,13,NW,1.16,0,1018,92,1635872400,-14400
358,Florida,Key West,3,Wed 11/3,Rain,light rain,http://openweathermap.org/img/wn/10d@2x.png,76.5,79.47,71,17,NE,5.82,0,1015,76,1635958800,-14400
359,Florida,Key West,4,Thu 11/4,Rain,light rain,http://openweathermap.org/img/wn/10d@2x.png,77.95,79.83,67,11,E,2.67,0,1013,94,1636045200,-14400
360,Florida,Key West,5,Fri 11/5,Rain,light rain,http://openweathermap.org/img/wn/10d@2x.png,76.91,79.11,68,13,W,0.31,0,1013,1,1636131600,-14400
361,Florida,Melbourne,1,Mon 11/1,Clouds,broken clouds,http://openweathermap.org/img/wn/04d@2x.png,58.21,73.6,64,9,NW,0,0,1020,53,1635786000,-14400
362,Florida,Melbourne,2,Tue 11/2,Clouds,overcast clouds,http://openweathermap.org/img/wn/04d@2x.png,68.67,77.58,54,10,N,0,0,1020,100,1635872400,-14400
363,Florida,Melbourne,3,Wed 11/3,Clear,sky is clear,http://openweathermap.org/img/wn/01d@2x.png,69.48,77.74,58,9,NE,0,0,1017,0,1635958800,-14400
364,Florida,Melbourne,4,Thu 11/4,Rain,light rain,http://openweathermap.org/img/wn/10d@2x.png,70.83,78.73,62,9,NE,0.68,0,1015,6,1636045200,-14400
365,Florida,Melbourne,5,Fri 11/5,Rain,moderate rain,http://openweathermap.org/img/wn/10d@2x.png,67.23,74.17,80,23,N,7.42,0,1014,46,1636131600,-14400
366,Florida,Miami,1,Mon 11/1,Rain,light rain,http://openweathermap.org/img/wn/10d@2x.png,67.14,79.86,59,11,NW,0.47,0,1019,82,1635786000,-14400
367,Florida,Miami,2,Tue 11/2,Rain,light rain,http://openweathermap.org/img/wn/10d@2x.png,75.69,79.25,66,11,NE,6.36,0,1018,99,1635872400,-14400
368,Florida,Miami,3,Wed 11/3,Rain,light rain,http://openweathermap.org/img/wn/10d@2x.png,76.3,82.96,50,14,NE,0.18,0,1016,27,1635958800,-14400
369,Florida,Miami,4,Thu 11/4,Rain,light rain,http://openweathermap.org/img/wn/10d@2x.png,76.15,84.61,51,11,SE,1.47,0,1013,89,1636045200,-14400
370,Florida,Miami,5,Fri 11/5,Clear,sky is clear,http://openweathermap.org/img/wn/01d@2x.png,74.3,86.23,43,14,NW,0,0,1012,0,1636131600,-14400
371,Florida,Tallahassee,1,Mon 11/1,Clouds,broken clouds,http://openweathermap.org/img/wn/04d@2x.png,47.77,72.25,45,4,NW,0,0,1022,64,1635786000,-14400
372,Florida,Tallahassee,2,Tue 11/2,Clear,sky is clear,http://openweathermap.org/img/wn/01d@2x.png,55.15,76.53,51,5,N,0,0,1022,3,1635872400,-14400
373,Florida,Tallahassee,3,Wed 11/3,Clear,sky is clear,http://openweathermap.org/img/wn/01d@2x.png,57.16,77.68,47,5,N,0,0,1019,1,1635958800,-14400
374,Florida,Tallahassee,4,Thu 11/4,Rain,light rain,http://openweathermap.org/img/wn/10d@2x.png,59.13,77.25,57,7,N,2.07,0,1016,98,1636045200,-14400
375,Florida,Tallahassee,5,Fri 11/5,Rain,light rain,http://openweathermap.org/img/wn/10d@2x.png,52.95,65.25,64,9,N,1.71,0,1018,96,1636131600,-14400
376,Florida,Tampa,1,Mon 11/1,Clouds,broken clouds,http://openweathermap.org/img/wn/04d@2x.png,56.71,71.62,54,9,N,0,0,1020,75,1635786000,-14400
377,Florida,Tampa,2,Tue 11/2,Clouds,scattered clouds,http://openweathermap.org/img/wn/03d@2x.png,66.45,77.13,58,11,N,0,0,1020,49,1635872400,-14400
378,Florida,Tampa,3,Wed 11/3,Clear,sky is clear,http://openweathermap.org/img/wn/01d@2x.png,66.33,80.06,54,10,NE,0,0,1017,0,1635958800,-14400
379,Florida,Tampa,4,Thu 11/4,Rain,light rain,http://openweathermap.org/img/wn/10d@2x.png,67.03,79.12,49,12,N,0.5,0,1014,44,1636045200,-14400
380,Florida,Tampa,5,Fri 11/5,Rain,light rain,http://openweathermap.org/img/wn/10d@2x.png,63.07,70.81,75,20,N,1.59,0,1015,89,1636131600,-14400
381,Georgia,Peachtree City/Atlanta,1,Mon 11/1,Clear,sky is clear,http://openweathermap.org/img/wn/01d@2x.png,44.4,70.27,52,7,NW,0,0,1023,0,1635786000,-14400
382,Georgia,Peachtree City/Atlanta,2,Tue 11/2,Clear,sky is clear,http://openweathermap.org/img/wn/01d@2x.png,49.62,68.79,46,7,NW,0,0,1023,0,1635872400,-14400
383,Georgia,Peachtree City/Atlanta,3,Wed 11/3,Clouds,broken clouds,http://openweathermap.org/img/wn/04d@2x.png,47.59,61.3,62,7,NE,0,0,1022,80,1635958800,-14400
384,Georgia,Peachtree City/Atlanta,4,Thu 11/4,Rain,light rain,http://openweathermap.org/img/wn/10d@2x.png,46.72,50.74,91,7,NE,2.44,0,1020,100,1636045200,-14400
385,Georgia,Peachtree City/Atlanta,5,Fri 11/5,Clouds,broken clouds,http://openweathermap.org/img/wn/04d@2x.png,45.09,58.41,57,9,NE,0,0,1021,53,1636131600,-14400
386,Louisiana,Lake Charles,1,Mon 11/1,Clouds,few clouds,http://openweathermap.org/img/wn/02d@2x.png,50.97,75.22,52,6,NE,0,0,1024,12,1635786000,-18000
387,Louisiana,Lake Charles,2,Tue 11/2,Clear,sky is clear,http://openweathermap.org/img/wn/01d@2x.png,57.16,75.4,59,6,NE,0,0,1024,0,1635872400,-18000
388,Louisiana,Lake Charles,3,Wed 11/3,Rain,light rain,http://openweathermap.org/img/wn/10d@2x.png,57.15,73.53,61,8,NE,0.1,0,1019,100,1635958800,-18000
389,Louisiana,Lake Charles,4,Thu 11/4,Rain,moderate rain,http://openweathermap.org/img/wn/10d@2x.png,50.95,59.54,91,12,N,16.81,0,1021,100,1636045200,-18000
390,Louisiana,Lake Charles,5,Fri 11/5,Clear,sky is clear,http://openweathermap.org/img/wn/01d@2x.png,42.48,63.03,46,9,N,0,0,1022,0,1636131600,-18000
391,Louisiana,New Orleans/Baton Rouge,1,Mon 11/1,Clear,sky is clear,http://openweathermap.org/img/wn/01d@2x.png,52.95,72.77,50,7,NE,0,0,1023,7,1635786000,-18000
392,Louisiana,New Orleans/Baton Rouge,2,Tue 11/2,Clear,sky is clear,http://openweathermap.org/img/wn/01d@2x.png,55.18,73.96,51,7,N,0,0,1024,0,1635872400,-18000
393,Louisiana,New Orleans/Baton Rouge,3,Wed 11/3,Clouds,overcast clouds,http://openweathermap.org/img/wn/04d@2x.png,54,70.36,50,8,NE,0,0,1020,86,1635958800,-18000
394,Louisiana,New Orleans/Baton Rouge,4,Thu 11/4,Rain,light rain,http://openweathermap.org/img/wn/10d@2x.png,52.57,60.8,69,10,N,0.17,0,1019,100,1636045200,-18000
395,Louisiana,New Orleans/Baton Rouge,5,Fri 11/5,Clear,sky is clear,http://openweathermap.org/img/wn/01d@2x.png,45.99,66.06,56,10,N,0,0,1020,9,1636131600,-18000
396,Louisiana,Shreveport,1,Mon 11/1,Clouds,broken clouds,http://openweathermap.org/img/wn/04d@2x.png,47.35,75.22,43,6,E,0,0,1024,69,1635786000,-18000
397,Louisiana,Shreveport,2,Tue 11/2,Clouds,broken clouds,http://openweathermap.org/img/wn/04d@2x.png,55.62,74.3,43,9,NE,0,0,1025,62,1635872400,-18000
398,Louisiana,Shreveport,3,Wed 11/3,Rain,moderate rain,http://openweathermap.org/img/wn/10d@2x.png,49.57,58.03,94,10,NE,40.14,0,1021,100,1635958800,-18000
399,Louisiana,Shreveport,4,Thu 11/4,Rain,light rain,http://openweathermap.org/img/wn/10d@2x.png,44.94,53.69,64,10,N,1.68,0,1025,99,1636045200,-18000
400,Louisiana,Shreveport,5,Fri 11/5,Clear,sky is clear,http://openweathermap.org/img/wn/01d@2x.png,40.14,59.79,36,5,NE,0,0,1024,0,1636131600,-18000
401,Mississippi,Jackson,1,Mon 11/1,Clear,sky is clear,http://openweathermap.org/img/wn/01d@2x.png,47.95,71.85,48,6,NE,0,0,1024,3,1635786000,-18000
402,Mississippi,Jackson,2,Tue 11/2,Clouds,scattered clouds,http://openweathermap.org/img/wn/03d@2x.png,49.68,70.09,44,6,NE,0,0,1025,38,1635872400,-18000
403,Mississippi,Jackson,3,Wed 11/3,Rain,light rain,http://openweathermap.org/img/wn/10d@2x.png,50.11,59.56,60,7,NE,3.44,0,1022,100,1635958800,-18000
404,Mississippi,Jackson,4,Thu 11/4,Rain,light rain,http://openweathermap.org/img/wn/10d@2x.png,43.5,50.02,90,9,N,3.72,0,1022,100,1636045200,-18000
405,Mississippi,Jackson,5,Fri 11/5,Clear,sky is clear,http://openweathermap.org/img/wn/01d@2x.png,38.3,60.93,48,7,N,0,0,1022,0,1636131600,-18000
406,New Mexico,Albuquerque,1,Mon 11/1,Clouds,broken clouds,http://openweathermap.org/img/wn/04d@2x.png,43.99,68.02,32,9,SW,0,0,1019,61,1635789600,-21600
407,New Mexico,Albuquerque,2,Tue 11/2,Clouds,overcast clouds,http://openweathermap.org/img/wn/04d@2x.png,48.13,67.73,24,12,SW,0,0,1018,87,1635876000,-21600
408,New Mexico,Albuquerque,3,Wed 11/3,Clouds,scattered clouds,http://openweathermap.org/img/wn/03d@2x.png,47.57,64.96,30,11,NW,0,0,1018,27,1635962400,-21600
409,New Mexico,Albuquerque,4,Thu 11/4,Clear,sky is clear,http://openweathermap.org/img/wn/01d@2x.png,41.22,60.71,48,6,SW,0,0,1021,0,1636048800,-21600
410,New Mexico,Albuquerque,5,Fri 11/5,Clear,sky is clear,http://openweathermap.org/img/wn/01d@2x.png,45.57,69.82,31,12,NW,0,0,1016,0,1636135200,-21600
411,Oklahoma,Norman/Oklahoma City,1,Mon 11/1,Rain,light rain,http://openweathermap.org/img/wn/10d@2x.png,47.41,59.5,69,14,N,1.59,0,1024,100,1635789600,-18000
412,Oklahoma,Norman/Oklahoma City,2,Tue 11/2,Rain,light rain,http://openweathermap.org/img/wn/10d@2x.png,46.94,51.13,69,14,N,2.17,0,1025,100,1635876000,-18000
413,Oklahoma,Norman/Oklahoma City,3,Wed 11/3,Rain,moderate rain,http://openweathermap.org/img/wn/10d@2x.png,44.8,47.07,93,13,NE,7.44,0,1025,100,1635962400,-18000
414,Oklahoma,Norman/Oklahoma City,4,Thu 11/4,Clouds,scattered clouds,http://openweathermap.org/img/wn/03d@2x.png,42.6,55.44,58,9,N,0,0,1026,39,1636048800,-18000
415,Oklahoma,Norman/Oklahoma City,5,Fri 11/5,Clear,sky is clear,http://openweathermap.org/img/wn/01d@2x.png,40.55,60.19,54,17,S,0,0,1020,3,1636135200,-18000
416,Oklahoma,Tulsa,1,Mon 11/1,Clouds,overcast clouds,http://openweathermap.org/img/wn/04d@2x.png,46.38,52.45,63,11,N,0,0,1025,100,1635789600,-18000
417,Oklahoma,Tulsa,2,Tue 11/2,Rain,light rain,http://openweathermap.org/img/wn/10d@2x.png,44.89,50.72,70,13,N,3.95,0,1027,99,1635876000,-18000
418,Oklahoma,Tulsa,3,Wed 11/3,Rain,light rain,http://openweathermap.org/img/wn/10d@2x.png,43.3,45.45,90,11,NE,7.5,0,1026,100,1635962400,-18000
419,Oklahoma,Tulsa,4,Thu 11/4,Clear,sky is clear,http://openweathermap.org/img/wn/01d@2x.png,37,54.59,45,6,NE,0,0,1027,5,1636048800,-18000
420,Oklahoma,Tulsa,5,Fri 11/5,Clear,sky is clear,http://openweathermap.org/img/wn/01d@2x.png,38.8,58.57,49,12,SE,0,0,1022,0,1636135200,-18000
421,Puerto Rico,San Juan,1,Mon 11/1,Rain,light rain,http://openweathermap.org/img/wn/10d@2x.png,77.4,85.12,62,12,NE,0.54,0,1015,21,1635782400,-14400
422,Puerto Rico,San Juan,2,Tue 11/2,Rain,light rain,http://openweathermap.org/img/wn/10d@2x.png,77.59,83.59,63,10,NE,1.86,0,1015,100,1635868800,-14400
423,Puerto Rico,San Juan,3,Wed 11/3,Rain,light rain,http://openweathermap.org/img/wn/10d@2x.png,76.78,83.84,69,10,NE,3.19,0,1015,87,1635955200,-14400
424,Puerto Rico,San Juan,4,Thu 11/4,Rain,light rain,http://openweathermap.org/img/wn/10d@2x.png,76.96,84.27,69,12,E,4.84,0,1014,53,1636041600,-14400
425,Puerto Rico,San Juan,5,Fri 11/5,Rain,light rain,http://openweathermap.org/img/wn/10d@2x.png,76.39,85.69,63,14,E,1.37,0,1015,7,1636128000,-14400
426,Tennessee,Memphis,1,Mon 11/1,Clouds,scattered clouds,http://openweathermap.org/img/wn/03d@2x.png,43.5,63.14,36,9,N,0,0,1026,46,1635786000,-18000
427,Tennessee,Memphis,2,Tue 11/2,Clouds,overcast clouds,http://openweathermap.org/img/wn/04d@2x.png,47.52,56.12,61,11,N,0,0,1028,99,1635872400,-18000
428,Tennessee,Memphis,3,Wed 11/3,Rain,moderate rain,http://openweathermap.org/img/wn/10d@2x.png,42.58,46.04,81,10,NE,11.97,0,1026,100,1635958800,-18000
429,Tennessee,Memphis,4,Thu 11/4,Clouds,scattered clouds,http://openweathermap.org/img/wn/03d@2x.png,39.36,53.98,36,12,N,0,0,1024,36,1636045200,-18000
430,Tennessee,Memphis,5,Fri 11/5,Clear,sky is clear,http://openweathermap.org/img/wn/01d@2x.png,35.73,57.36,33,8,NE,0,0,1024,0,1636131600,-18000
431,Tennessee,Morristown/Knoxville,1,Mon 11/1,Clear,sky is clear,http://openweathermap.org/img/wn/01d@2x.png,45.86,62.87,59,5,NW,0,0,1024,3,1635786000,-14400
432,Tennessee,Morristown/Knoxville,2,Tue 11/2,Clouds,overcast clouds,http://openweathermap.org/img/wn/04d@2x.png,42.64,53.42,62,7,NW,0,0,1027,96,1635872400,-14400
433,Tennessee,Morristown/Knoxville,3,Wed 11/3,Rain,moderate rain,http://openweathermap.org/img/wn/10d@2x.png,39.33,45.97,69,8,NE,7.65,0,1025,100,1635958800,-14400
434,Tennessee,Morristown/Knoxville,4,Thu 11/4,Rain,moderate rain,http://openweathermap.org/img/wn/10d@2x.png,38.48,43.65,94,5,N,12.75,0,1022,100,1636045200,-14400
435,Tennessee,Morristown/Knoxville,5,Fri 11/5,Clear,sky is clear,http://openweathermap.org/img/wn/01d@2x.png,30.96,53.01,43,8,NE,0,0,1023,2,1636131600,-14400
436,Tennessee,Nashville,1,Mon 11/1,Clear,sky is clear,http://openweathermap.org/img/wn/01d@2x.png,43.34,58.64,46,8,NW,0,0,1026,4,1635786000,-18000
437,Tennessee,Nashville,2,Tue 11/2,Clouds,overcast clouds,http://openweathermap.org/img/wn/04d@2x.png,44.38,53.06,71,9,N,0,0,1029,99,1635872400,-18000
438,Tennessee,Nashville,3,Wed 11/3,Clouds,overcast clouds,http://openweathermap.org/img/wn/04d@2x.png,42.42,47.93,51,8,N,0,0,1026,100,1635958800,-18000
439,Tennessee,Nashville,4,Thu 11/4,Clouds,broken clouds,http://openweathermap.org/img/wn/04d@2x.png,38.28,50.9,42,9,N,0,0,1024,68,1636045200,-18000
440,Tennessee,Nashville,5,Fri 11/5,Clear,sky is clear,http://openweathermap.org/img/wn/01d@2x.png,35.4,54.05,40,8,NE,0,0,1024,0,1636131600,-18000
441,Texas,Amarillo,1,Mon 11/1,Clear,sky is clear,http://openweathermap.org/img/wn/01d@2x.png,37.35,73.02,39,17,SE,0,0,1019,8,1635789600,-18000
442,Texas,Amarillo,2,Tue 11/2,Rain,light rain,http://openweathermap.org/img/wn/10d@2x.png,41.67,51.1,86,16,E,0.44,0,1024,100,1635876000,-18000
443,Texas,Amarillo,3,Wed 11/3,Rain,light rain,http://openweathermap.org/img/wn/10d@2x.png,39.11,41.29,91,10,N,4.61,0,1027,100,1635962400,-18000
444,Texas,Amarillo,4,Thu 11/4,Clear,sky is clear,http://openweathermap.org/img/wn/01d@2x.png,33.67,59.54,54,15,SE,0,0,1023,0,1636048800,-18000
445,Texas,Amarillo,5,Fri 11/5,Clear,sky is clear,http://openweathermap.org/img/wn/01d@2x.png,42.67,75.52,34,21,S,0,0,1011,1,1636135200,-18000
446,Texas,Austin/San Antonio,1,Mon 11/1,Clouds,few clouds,http://openweathermap.org/img/wn/02d@2x.png,55.2,79.07,48,9,SE,0,0,1021,15,1635789600,-18000
447,Texas,Austin/San Antonio,2,Tue 11/2,Clouds,few clouds,http://openweathermap.org/img/wn/02d@2x.png,59.83,81.37,54,13,SE,0,0,1020,11,1635876000,-18000
448,Texas,Austin/San Antonio,3,Wed 11/3,Rain,moderate rain,http://openweathermap.org/img/wn/10d@2x.png,60.67,75.49,60,14,N,4.54,0,1016,91,1635962400,-18000
449,Texas,Austin/San Antonio,4,Thu 11/4,Rain,moderate rain,http://openweathermap.org/img/wn/10d@2x.png,53.15,59.02,69,17,N,7.38,0,1023,100,1636048800,-18000
450,Texas,Austin/San Antonio,5,Fri 11/5,Clear,sky is clear,http://openweathermap.org/img/wn/01d@2x.png,50.94,65.01,54,8,N,0,0,1022,7,1636135200,-18000
451,Texas,Brownsville,1,Mon 11/1,Clear,sky is clear,http://openweathermap.org/img/wn/01d@2x.png,68.34,84.99,41,13,E,0,0,1019,2,1635789600,-18000
452,Texas,Brownsville,2,Tue 11/2,Clear,sky is clear,http://openweathermap.org/img/wn/01d@2x.png,70.81,83.64,46,16,E,0,0,1019,1,1635876000,-18000
453,Texas,Brownsville,3,Wed 11/3,Clouds,broken clouds,http://openweathermap.org/img/wn/04d@2x.png,72.37,83.34,51,17,SE,0,0,1015,79,1635962400,-18000
454,Texas,Brownsville,4,Thu 11/4,Rain,moderate rain,http://openweathermap.org/img/wn/10d@2x.png,63.84,76.68,74,21,NW,8.18,0,1019,91,1636048800,-18000
455,Texas,Brownsville,5,Fri 11/5,Clouds,overcast clouds,http://openweathermap.org/img/wn/04d@2x.png,61.05,73.13,55,15,NW,0,0,1020,85,1636135200,-18000
456,Texas,Corpus Christi,1,Mon 11/1,Clouds,scattered clouds,http://openweathermap.org/img/wn/03d@2x.png,67.37,81.39,46,13,E,0,0,1020,35,1635789600,-18000
457,Texas,Corpus Christi,2,Tue 11/2,Clear,sky is clear,http://openweathermap.org/img/wn/01d@2x.png,69.62,82.63,49,16,E,0,0,1020,2,1635876000,-18000
458,Texas,Corpus Christi,3,Wed 11/3,Clouds,scattered clouds,http://openweathermap.org/img/wn/03d@2x.png,70.27,82.45,47,16,E,0,0,1015,36,1635962400,-18000
459,Texas,Corpus Christi,4,Thu 11/4,Rain,moderate rain,http://openweathermap.org/img/wn/10d@2x.png,60.42,73.04,77,18,N,5.99,0,1021,99,1636048800,-18000
460,Texas,Corpus Christi,5,Fri 11/5,Clear,sky is clear,http://openweathermap.org/img/wn/01d@2x.png,53.62,68.47,53,10,N,0,0,1022,0,1636135200,-18000
461,Texas,El Paso,1,Mon 11/1,Clear,sky is clear,http://openweathermap.org/img/wn/01d@2x.png,56.75,75.81,22,12,SW,0,0,1018,10,1635789600,-21600
462,Texas,El Paso,2,Tue 11/2,Clouds,broken clouds,http://openweathermap.org/img/wn/04d@2x.png,57.52,75.29,18,14,SW,0,0,1017,51,1635876000,-21600
463,Texas,El Paso,3,Wed 11/3,Clouds,scattered clouds,http://openweathermap.org/img/wn/03d@2x.png,55.65,72.43,19,18,E,0,0,1016,32,1635962400,-21600
464,Texas,El Paso,4,Thu 11/4,Clear,sky is clear,http://openweathermap.org/img/wn/01d@2x.png,48.79,64.58,47,17,E,0,0,1021,0,1636048800,-21600
465,Texas,El Paso,5,Fri 11/5,Clouds,few clouds,http://openweathermap.org/img/wn/02d@2x.png,51.78,72.39,35,7,W,0,0,1016,21,1636135200,-21600
466,Texas,Fort Worth-Dallas,1,Mon 11/1,Clouds,few clouds,http://openweathermap.org/img/wn/02d@2x.png,53.24,77.67,39,10,S,0,0,1022,11,1635789600,-18000
467,Texas,Fort Worth-Dallas,2,Tue 11/2,Clouds,overcast clouds,http://openweathermap.org/img/wn/04d@2x.png,61.57,73.89,68,14,NE,0,0,1022,87,1635876000,-18000
468,Texas,Fort Worth-Dallas,3,Wed 11/3,Rain,moderate rain,http://openweathermap.org/img/wn/10d@2x.png,50.5,58.6,91,12,N,25.63,0,1021,100,1635962400,-18000
469,Texas,Fort Worth-Dallas,4,Thu 11/4,Rain,light rain,http://openweathermap.org/img/wn/10d@2x.png,48.78,57.7,66,11,N,0.11,0,1026,100,1636048800,-18000
470,Texas,Fort Worth-Dallas,5,Fri 11/5,Clear,sky is clear,http://openweathermap.org/img/wn/01d@2x.png,47.57,61.38,47,12,SE,0,0,1022,0,1636135200,-18000
471,Texas,Houston/Galveston,1,Mon 11/1,Clouds,scattered clouds,http://openweathermap.org/img/wn/03d@2x.png,59.97,74.53,54,9,E,0,0,1022,27,1635789600,-18000
472,Texas,Houston/Galveston,2,Tue 11/2,Clouds,scattered clouds,http://openweathermap.org/img/wn/03d@2x.png,66.99,74.43,61,10,E,0,0,1022,37,1635876000,-18000
473,Texas,Houston/Galveston,3,Wed 11/3,Rain,light rain,http://openweathermap.org/img/wn/10d@2x.png,69.71,74.97,67,11,E,0.75,0,1018,84,1635962400,-18000
474,Texas,Houston/Galveston,4,Thu 11/4,Rain,moderate rain,http://openweathermap.org/img/wn/10d@2x.png,54.64,69.39,91,16,N,15.2,0,1021,100,1636048800,-18000
475,Texas,Houston/Galveston,5,Fri 11/5,Clear,sky is clear,http://openweathermap.org/img/wn/01d@2x.png,51.37,61.95,52,12,N,0,0,1022,0,1636135200,-18000
476,Texas,Lubbock,1,Mon 11/1,Clouds,scattered clouds,http://openweathermap.org/img/wn/03d@2x.png,42.91,71.56,44,11,SE,0,0,1020,29,1635789600,-18000
477,Texas,Lubbock,2,Tue 11/2,Rain,light rain,http://openweathermap.org/img/wn/10d@2x.png,46.96,56.61,78,13,NE,0.64,0,1021,100,1635876000,-18000
478,Texas,Lubbock,3,Wed 11/3,Rain,light rain,http://openweathermap.org/img/wn/10d@2x.png,42.89,45.64,85,12,NE,1.54,0,1024,100,1635962400,-18000
479,Texas,Lubbock,4,Thu 11/4,Clouds,few clouds,http://openweathermap.org/img/wn/02d@2x.png,38.71,59.05,52,10,SE,0,0,1024,20,1636048800,-18000
480,Texas,Lubbock,5,Fri 11/5,Clear,sky is clear,http://openweathermap.org/img/wn/01d@2x.png,40.78,72.36,43,19,S,0,0,1015,0,1636135200,-18000
481,Texas,Midland/Odessa,1,Mon 11/1,Clouds,broken clouds,http://openweathermap.org/img/wn/04d@2x.png,45.9,68.45,71,13,SE,0,0,1021,57,1635789600,-18000
482,Texas,Midland/Odessa,2,Tue 11/2,Rain,light rain,http://openweathermap.org/img/wn/10d@2x.png,53.51,79.97,50,13,NE,0.6,0,1017,17,1635876000,-18000
483,Texas,Midland/Odessa,3,Wed 11/3,Rain,light rain,http://openweathermap.org/img/wn/10d@2x.png,46.24,55.33,89,17,N,0.49,0,1022,100,1635962400,-18000
484,Texas,Midland/Odessa,4,Thu 11/4,Clouds,overcast clouds,http://openweathermap.org/img/wn/04d@2x.png,42.49,57.15,65,12,N,0,0,1025,92,1636048800,-18000
485,Texas,Midland/Odessa,5,Fri 11/5,Clear,sky is clear,http://openweathermap.org/img/wn/01d@2x.png,42.4,70.41,45,17,S,0,0,1017,0,1636135200,-18000
486,Texas,San Angelo,1,Mon 11/1,Rain,light rain,http://openweathermap.org/img/wn/10d@2x.png,54.86,76.57,71,15,S,1.85,0,1020,89,1635789600,-18000
487,Texas,San Angelo,2,Tue 11/2,Rain,moderate rain,http://openweathermap.org/img/wn/10d@2x.png,57.94,80.85,56,14,S,4.26,0,1018,49,1635876000,-18000
488,Texas,San Angelo,3,Wed 11/3,Rain,light rain,http://openweathermap.org/img/wn/10d@2x.png,48,61.02,92,16,N,5.75,0,1020,100,1635962400,-18000
489,Texas,San Angelo,4,Thu 11/4,Clouds,overcast clouds,http://openweathermap.org/img/wn/04d@2x.png,47.41,54.41,74,13,N,0,0,1026,100,1636048800,-18000
490,Texas,San Angelo,5,Fri 11/5,Clear,sky is clear,http://openweathermap.org/img/wn/01d@2x.png,44.4,68.85,51,15,S,0,0,1019,0,1636135200,-18000
491,Arizona,Flagstaff,1,Mon 11/1,Clouds,broken clouds,http://openweathermap.org/img/wn/04d@2x.png,41.45,58.3,29,12,SW,0,0,1018,52,1635793200,-25200
492,Arizona,Flagstaff,2,Tue 11/2,Clouds,overcast clouds,http://openweathermap.org/img/wn/04d@2x.png,39.7,59.47,28,11,SW,0,0,1019,96,1635879600,-25200
493,Arizona,Flagstaff,3,Wed 11/3,Clouds,few clouds,http://openweathermap.org/img/wn/02d@2x.png,41.47,62.6,30,5,NE,0,0,1019,11,1635966000,-25200
494,Arizona,Flagstaff,4,Thu 11/4,Clear,sky is clear,http://openweathermap.org/img/wn/01d@2x.png,40.96,64.96,26,8,SW,0,0,1017,0,1636052400,-25200
495,Arizona,Flagstaff,5,Fri 11/5,Clouds,scattered clouds,http://openweathermap.org/img/wn/03d@2x.png,42.35,63.99,22,9,W,0,0,1017,32,1636138800,-25200
496,Arizona,Phoenix,1,Mon 11/1,Clouds,broken clouds,http://openweathermap.org/img/wn/04d@2x.png,64.38,82.56,21,6,SE,0,0,1016,61,1635793200,-25200
497,Arizona,Phoenix,2,Tue 11/2,Clouds,overcast clouds,http://openweathermap.org/img/wn/04d@2x.png,69.55,82.24,20,6,W,0,0,1017,100,1635879600,-25200
498,Arizona,Phoenix,3,Wed 11/3,Clear,sky is clear,http://openweathermap.org/img/wn/01d@2x.png,69.06,81.97,21,4,NE,0,0,1016,9,1635966000,-25200
499,Arizona,Phoenix,4,Thu 11/4,Clear,sky is clear,http://openweathermap.org/img/wn/01d@2x.png,69.62,84,18,5,NE,0,0,1014,0,1636052400,-25200
500,Arizona,Phoenix,5,Fri 11/5,Clouds,scattered clouds,http://openweathermap.org/img/wn/03d@2x.png,70.25,84.13,23,5,NE,0,0,1014,35,1636138800,-25200
501,Arizona,Tucson,1,Mon 11/1,Clouds,overcast clouds,http://openweathermap.org/img/wn/04d@2x.png,59.65,79.97,20,7,NW,0,0,1017,99,1635793200,-25200
502,Arizona,Tucson,2,Tue 11/2,Clear,sky is clear,http://openweathermap.org/img/wn/01d@2x.png,67.05,80.8,17,9,NW,0,0,1017,0,1635879600,-25200
503,Arizona,Tucson,3,Wed 11/3,Clouds,few clouds,http://openweathermap.org/img/wn/02d@2x.png,65.88,79.16,20,8,W,0,0,1016,11,1635966000,-25200
504,Arizona,Tucson,4,Thu 11/4,Clear,sky is clear,http://openweathermap.org/img/wn/01d@2x.png,67.5,82.56,19,8,E,0,0,1014,0,1636052400,-25200
505,Arizona,Tucson,5,Fri 11/5,Clouds,scattered clouds,http://openweathermap.org/img/wn/03d@2x.png,68.18,82.6,21,8,E,0,0,1014,50,1636138800,-25200
506,California,Eureka,1,Mon 11/1,Rain,heavy intensity rain,http://openweathermap.org/img/wn/10d@2x.png,54.39,59.86,94,10,SE,20.96,0,1014,96,1635796800,-25200
507,California,Eureka,2,Tue 11/2,Clouds,broken clouds,http://openweathermap.org/img/wn/04d@2x.png,52.79,63.95,62,9,SW,0,0,1021,78,1635883200,-25200
508,California,Eureka,3,Wed 11/3,Rain,moderate rain,http://openweathermap.org/img/wn/10d@2x.png,53.82,68.04,58,14,SE,8.14,0,1015,99,1635969600,-25200
509,California,Eureka,4,Thu 11/4,Rain,moderate rain,http://openweathermap.org/img/wn/10d@2x.png,49.71,59.68,84,21,S,12.47,0,1021,100,1636056000,-25200
510,California,Eureka,5,Fri 11/5,Rain,moderate rain,http://openweathermap.org/img/wn/10d@2x.png,50.63,55.65,64,14,SE,7.48,0,1024,43,1636142400,-25200
511,California,Los Angeles/Oxnard,1,Mon 11/1,Clouds,overcast clouds,http://openweathermap.org/img/wn/04d@2x.png,55.49,64.18,71,9,SW,0,0,1019,100,1635793200,-25200
512,California,Los Angeles/Oxnard,2,Tue 11/2,Clear,sky is clear,http://openweathermap.org/img/wn/01d@2x.png,59.81,67.06,62,7,SW,0,0,1020,4,1635879600,-25200
513,California,Los Angeles/Oxnard,3,Wed 11/3,Clear,sky is clear,http://openweathermap.org/img/wn/01d@2x.png,62.56,68.63,56,9,SW,0,0,1018,6,1635966000,-25200
514,California,Los Angeles/Oxnard,4,Thu 11/4,Clear,sky is clear,http://openweathermap.org/img/wn/01d@2x.png,62.89,72.05,59,6,N,0,0,1016,0,1636052400,-25200
515,California,Los Angeles/Oxnard,5,Fri 11/5,Clear,sky is clear,http://openweathermap.org/img/wn/01d@2x.png,63.23,71.87,33,7,W,0,0,1015,1,1636138800,-25200
516,California,Sacramento,1,Mon 11/1,Rain,moderate rain,http://openweathermap.org/img/wn/10d@2x.png,55.08,62.26,73,10,SE,3.75,0,1018,100,1635793200,-25200
517,California,Sacramento,2,Tue 11/2,Clouds,overcast clouds,http://openweathermap.org/img/wn/04d@2x.png,58.35,69.39,68,6,NW,0,0,1023,90,1635879600,-25200
518,California,Sacramento,3,Wed 11/3,Clear,sky is clear,http://openweathermap.org/img/wn/01d@2x.png,54.55,69.75,68,5,SE,0,0,1021,9,1635966000,-25200
519,California,Sacramento,4,Thu 11/4,Rain,light rain,http://openweathermap.org/img/wn/10d@2x.png,55.62,67.78,74,8,SW,3.22,0,1020,92,1636052400,-25200
520,California,Sacramento,5,Fri 11/5,Clouds,broken clouds,http://openweathermap.org/img/wn/04d@2x.png,49.87,63.7,53,8,NW,0,0,1023,53,1636138800,-25200
521,California,San Diego,1,Mon 11/1,Clouds,overcast clouds,http://openweathermap.org/img/wn/04d@2x.png,55.76,70.16,58,9,W,0,0,1019,100,1635793200,-25200
522,California,San Diego,2,Tue 11/2,Clouds,broken clouds,http://openweathermap.org/img/wn/04d@2x.png,56.61,71.65,48,8,SW,0,0,1020,78,1635879600,-25200
523,California,San Diego,3,Wed 11/3,Clear,sky is clear,http://openweathermap.org/img/wn/01d@2x.png,59.05,75.51,45,7,W,0,0,1017,0,1635966000,-25200
524,California,San Diego,4,Thu 11/4,Clear,sky is clear,http://openweathermap.org/img/wn/01d@2x.png,60.67,77.47,45,8,SW,0,0,1016,0,1636052400,-25200
525,California,San Diego,5,Fri 11/5,Clouds,broken clouds,http://openweathermap.org/img/wn/04d@2x.png,61.38,79.07,40,6,SW,0,0,1014,67,1636138800,-25200
526,California,San Francisco Bay Area/Monterey,1,Mon 11/1,Clouds,overcast clouds,http://openweathermap.org/img/wn/04d@2x.png,55.98,64.42,71,8,SE,0,0,1018,100,1635793200,-25200
527,California,San Francisco Bay Area/Monterey,2,Tue 11/2,Clouds,overcast clouds,http://openweathermap.org/img/wn/04d@2x.png,59.16,65.52,72,4,W,0,0,1022,100,1635879600,-25200
528,California,San Francisco Bay Area/Monterey,3,Wed 11/3,Clear,sky is clear,http://openweathermap.org/img/wn/01d@2x.png,58.86,66.52,74,5,NW,0,0,1021,4,1635966000,-25200
529,California,San Francisco Bay Area/Monterey,4,Thu 11/4,Rain,light rain,http://openweathermap.org/img/wn/10d@2x.png,55.53,62.51,87,11,NW,2.33,0,1021,91,1636052400,-25200
530,California,San Francisco Bay Area/Monterey,5,Fri 11/5,Clouds,scattered clouds,http://openweathermap.org/img/wn/03d@2x.png,52.23,62.33,55,8,NW,0,0,1023,32,1636138800,-25200
531,California,San Joaquin Valley/Hanford,1,Mon 11/1,Clouds,overcast clouds,http://openweathermap.org/img/wn/04d@2x.png,55.15,72.03,43,7,SE,0,0,1018,99,1635793200,-25200
532,California,San Joaquin Valley/Hanford,2,Tue 11/2,Clouds,scattered clouds,http://openweathermap.org/img/wn/03d@2x.png,56.93,74.17,48,6,NW,0,0,1022,45,1635879600,-25200
533,California,San Joaquin Valley/Hanford,3,Wed 11/3,Clear,sky is clear,http://openweathermap.org/img/wn/01d@2x.png,56.62,74.03,60,6,NW,0,0,1020,5,1635966000,-25200
534,California,San Joaquin Valley/Hanford,4,Thu 11/4,Clear,sky is clear,http://openweathermap.org/img/wn/01d@2x.png,57.97,75.25,50,15,NW,0,0,1019,7,1636052400,-25200
535,California,San Joaquin Valley/Hanford,5,Fri 11/5,Clouds,broken clouds,http://openweathermap.org/img/wn/04d@2x.png,50.13,67.14,53,8,NW,0,0,1022,61,1636138800,-25200
536,Idaho,Boise,1,Mon 11/1,Rain,light rain,http://openweathermap.org/img/wn/10d@2x.png,41.85,61.52,48,9,SE,1.81,0,1016,100,1635793200,-21600
537,Idaho,Boise,2,Tue 11/2,Rain,moderate rain,http://openweathermap.org/img/wn/10d@2x.png,50.58,58.48,66,7,NW,3.06,0,1022,100,1635879600,-21600
538,Idaho,Boise,3,Wed 11/3,Clouds,scattered clouds,http://openweathermap.org/img/wn/03d@2x.png,48.27,61.23,50,7,E,0,0,1023,49,1635966000,-21600
539,Idaho,Boise,4,Thu 11/4,Rain,moderate rain,http://openweathermap.org/img/wn/10d@2x.png,49.62,62.47,40,13,SE,7.51,0,1010,5,1636052400,-21600
540,Idaho,Boise,5,Fri 11/5,Rain,light rain,http://openweathermap.org/img/wn/10d@2x.png,41.74,51.22,47,11,SE,0.31,0,1018,26,1636138800,-21600
541,Idaho,Pocatello,1,Mon 11/1,Rain,light rain,http://openweathermap.org/img/wn/10d@2x.png,35.46,55.63,66,4,S,1.24,0,1017,100,1635793200,-21600
542,Idaho,Pocatello,2,Tue 11/2,Rain,light rain,http://openweathermap.org/img/wn/10d@2x.png,44.98,51.64,65,15,SW,2.87,0,1020,100,1635879600,-21600
543,Idaho,Pocatello,3,Wed 11/3,Clouds,overcast clouds,http://openweathermap.org/img/wn/04d@2x.png,41.29,53.51,63,5,S,0,0,1024,100,1635966000,-21600
544,Idaho,Pocatello,4,Thu 11/4,Clear,sky is clear,http://openweathermap.org/img/wn/01d@2x.png,40.82,60.08,49,14,SE,0,0,1015,2,1636052400,-21600
545,Idaho,Pocatello,5,Fri 11/5,Rain,moderate rain,http://openweathermap.org/img/wn/10d@2x.png,37.8,51.28,49,20,SW,3.49,0,1019,47,1636138800,-21600
546,Montana,Billings,1,Mon 11/1,Clear,sky is clear,http://openweathermap.org/img/wn/01d@2x.png,24.46,41.13,40,8,E,0,0,1028,0,1635789600,-21600
547,Montana,Billings,2,Tue 11/2,Clouds,broken clouds,http://openweathermap.org/img/wn/04d@2x.png,28.08,54.03,44,8,SW,0,0,1020,75,1635876000,-21600
548,Montana,Billings,3,Wed 11/3,Clear,sky is clear,http://openweathermap.org/img/wn/01d@2x.png,38.62,59.59,44,14,SW,0,0,1021,0,1635962400,-21600
549,Montana,Billings,4,Thu 11/4,Clouds,broken clouds,http://openweathermap.org/img/wn/04d@2x.png,42.8,65.7,32,13,SW,0,0,1009,76,1636048800,-21600
550,Montana,Billings,5,Fri 11/5,Clouds,broken clouds,http://openweathermap.org/img/wn/04d@2x.png,47.14,60.8,35,20,W,0,0,1008,70,1636135200,-21600
551,Montana,Glasgow,1,Mon 11/1,Clouds,few clouds,http://openweathermap.org/img/wn/02d@2x.png,15.89,37.8,36,8,E,0,0,1031,13,1635789600,-21600
552,Montana,Glasgow,2,Tue 11/2,Clear,sky is clear,http://openweathermap.org/img/wn/01d@2x.png,25.18,45.32,30,13,E,0,0,1025,7,1635876000,-21600
553,Montana,Glasgow,3,Wed 11/3,Clouds,few clouds,http://openweathermap.org/img/wn/02d@2x.png,32.81,51.4,44,8,E,0,0,1022,19,1635962400,-21600
554,Montana,Glasgow,4,Thu 11/4,Clouds,scattered clouds,http://openweathermap.org/img/wn/03d@2x.png,40.14,59.83,44,9,E,0,0,1009,45,1636048800,-21600
555,Montana,Glasgow,5,Fri 11/5,Clouds,broken clouds,http://openweathermap.org/img/wn/04d@2x.png,45.59,58.95,45,19,W,0,0,1005,68,1636135200,-21600
556,Montana,Great Falls,1,Mon 11/1,Clear,sky is clear,http://openweathermap.org/img/wn/01d@2x.png,15.35,41.99,36,7,NE,0,0,1026,0,1635793200,-21600
557,Montana,Great Falls,2,Tue 11/2,Clouds,broken clouds,http://openweathermap.org/img/wn/04d@2x.png,29.61,57.43,32,16,SW,0,0,1016,76,1635879600,-21600
558,Montana,Great Falls,3,Wed 11/3,Clouds,few clouds,http://openweathermap.org/img/wn/02d@2x.png,33.42,58.5,40,15,SW,0,0,1019,23,1635966000,-21600
559,Montana,Great Falls,4,Thu 11/4,Clouds,broken clouds,http://openweathermap.org/img/wn/04d@2x.png,43.74,68.11,32,15,S,0,0,1006,83,1636052400,-21600
560,Montana,Great Falls,5,Fri 11/5,Clouds,scattered clouds,http://openweathermap.org/img/wn/03d@2x.png,41.14,55.17,28,25,SW,0,0,1007,50,1636138800,-21600
561,Montana,Missoula,1,Mon 11/1,Clear,sky is clear,http://openweathermap.org/img/wn/01d@2x.png,26.58,47.52,33,4,E,0,0,1021,0,1635793200,-21600
562,Montana,Missoula,2,Tue 11/2,Clouds,overcast clouds,http://openweathermap.org/img/wn/04d@2x.png,33.4,43.27,83,3,E,0,0,1025,100,1635879600,-21600
563,Montana,Missoula,3,Wed 11/3,Clouds,overcast clouds,http://openweathermap.org/img/wn/04d@2x.png,31.35,51.24,63,3,S,0,0,1025,88,1635966000,-21600
564,Montana,Missoula,4,Thu 11/4,Rain,light rain,http://openweathermap.org/img/wn/10d@2x.png,38.37,57.69,50,6,SE,2.52,0,1009,45,1636052400,-21600
565,Montana,Missoula,5,Fri 11/5,Snow,rain and snow,http://openweathermap.org/img/wn/13d@2x.png,34.7,44.92,69,11,SW,2.21,1.24,1013,35,1636138800,-21600
566,Nevada,Elko,1,Mon 11/1,Rain,light rain,http://openweathermap.org/img/wn/10d@2x.png,45.68,58.3,39,10,W,2.34,0,1015,100,1635793200,-25200
567,Nevada,Elko,2,Tue 11/2,Rain,light rain,http://openweathermap.org/img/wn/10d@2x.png,44.51,53.91,53,7,SW,0.57,0,1022,100,1635879600,-25200
568,Nevada,Elko,3,Wed 11/3,Clouds,broken clouds,http://openweathermap.org/img/wn/04d@2x.png,42.03,55.6,51,3,NE,0,0,1023,53,1635966000,-25200
569,Nevada,Elko,4,Thu 11/4,Rain,light rain,http://openweathermap.org/img/wn/10d@2x.png,41.92,61.93,43,21,W,2.54,0,1013,33,1636052400,-25200
570,Nevada,Elko,5,Fri 11/5,Clouds,scattered clouds,http://openweathermap.org/img/wn/03d@2x.png,37.89,54.18,25,17,SW,0,0,1019,35,1636138800,-25200
571,Nevada,Las Vegas,1,Mon 11/1,Clouds,overcast clouds,http://openweathermap.org/img/wn/04d@2x.png,60.89,75.52,25,16,SW,0,0,1015,100,1635793200,-25200
572,Nevada,Las Vegas,2,Tue 11/2,Clouds,overcast clouds,http://openweathermap.org/img/wn/04d@2x.png,59.85,73.81,24,10,S,0,0,1018,90,1635879600,-25200
573,Nevada,Las Vegas,3,Wed 11/3,Clear,sky is clear,http://openweathermap.org/img/wn/01d@2x.png,61.03,74.98,24,5,N,0,0,1019,6,1635966000,-25200
574,Nevada,Las Vegas,4,Thu 11/4,Clear,sky is clear,http://openweathermap.org/img/wn/01d@2x.png,60.66,78.19,26,12,SW,0,0,1016,0,1636052400,-25200
575,Nevada,Las Vegas,5,Fri 11/5,Clear,sky is clear,http://openweathermap.org/img/wn/01d@2x.png,61.05,75.56,9,5,N,0,0,1016,2,1636138800,-25200
576,Nevada,Reno,1,Mon 11/1,Clouds,overcast clouds,http://openweathermap.org/img/wn/04d@2x.png,48.2,57.4,43,9,S,0,0,1015,100,1635793200,-25200
577,Nevada,Reno,2,Tue 11/2,Clouds,scattered clouds,http://openweathermap.org/img/wn/03d@2x.png,46.51,60.64,48,4,NW,0,0,1021,25,1635879600,-25200
578,Nevada,Reno,3,Wed 11/3,Clouds,broken clouds,http://openweathermap.org/img/wn/04d@2x.png,48.49,63.57,48,5,SW,0,0,1021,73,1635966000,-25200
579,Nevada,Reno,4,Thu 11/4,Rain,light rain,http://openweathermap.org/img/wn/10d@2x.png,40.5,54.84,66,23,SW,0.57,0,1013,63,1636052400,-25200
580,Nevada,Reno,5,Fri 11/5,Clouds,scattered clouds,http://openweathermap.org/img/wn/03d@2x.png,39.78,58.51,20,4,SW,0,0,1020,38,1636138800,-25200
581,Oregon,Medford,1,Mon 11/1,Rain,light rain,http://openweathermap.org/img/wn/10d@2x.png,49.39,56.19,76,6,E,2.59,0,1013,100,1635793200,-25200
582,Oregon,Medford,2,Tue 11/2,Clouds,overcast clouds,http://openweathermap.org/img/wn/04d@2x.png,48.88,63.46,67,4,SE,0,0,1022,100,1635879600,-25200
583,Oregon,Medford,3,Wed 11/3,Rain,light rain,http://openweathermap.org/img/wn/10d@2x.png,50.86,67.5,52,6,SE,0.18,0,1018,100,1635966000,-25200
584,Oregon,Medford,4,Thu 11/4,Rain,light rain,http://openweathermap.org/img/wn/10d@2x.png,42.76,55.35,56,10,S,7.39,0,1012,47,1636052400,-25200
585,Oregon,Medford,5,Fri 11/5,Rain,light rain,http://openweathermap.org/img/wn/10d@2x.png,41,45.66,96,7,SE,6.14,0,1025,100,1636138800,-25200
586,Oregon,Pendleton,1,Mon 11/1,Rain,light rain,http://openweathermap.org/img/wn/10d@2x.png,35.37,50.41,54,5,W,1.61,0,1018,100,1635793200,-25200
587,Oregon,Pendleton,2,Tue 11/2,Clear,sky is clear,http://openweathermap.org/img/wn/01d@2x.png,42.75,53.98,64,6,NW,0,0,1024,9,1635879600,-25200
588,Oregon,Pendleton,3,Wed 11/3,Clouds,overcast clouds,http://openweathermap.org/img/wn/04d@2x.png,45.5,57.61,64,6,N,0,0,1022,91,1635966000,-25200
589,Oregon,Pendleton,4,Thu 11/4,Rain,light rain,http://openweathermap.org/img/wn/10d@2x.png,49.46,59.63,54,21,SW,0.53,0,1005,87,1636052400,-25200
590,Oregon,Pendleton,5,Fri 11/5,Rain,light rain,http://openweathermap.org/img/wn/10d@2x.png,42.87,53.83,44,23,SW,0.38,0,1017,100,1636138800,-25200
591,Oregon,Portland,1,Mon 11/1,Rain,moderate rain,http://openweathermap.org/img/wn/10d@2x.png,42.91,46.89,77,9,NE,3.82,0,1014,100,1635793200,-25200
592,Oregon,Portland,2,Tue 11/2,Rain,light rain,http://openweathermap.org/img/wn/10d@2x.png,42.89,58.78,71,3,NE,1.33,0,1022,100,1635879600,-25200
593,Oregon,Portland,3,Wed 11/3,Rain,light rain,http://openweathermap.org/img/wn/10d@2x.png,47.35,59.45,73,9,NE,1.77,0,1018,100,1635966000,-25200
594,Oregon,Portland,4,Thu 11/4,Rain,moderate rain,http://openweathermap.org/img/wn/10d@2x.png,49.53,57.87,70,20,S,18.13,0,1006,70,1636052400,-25200
595,Oregon,Portland,5,Fri 11/5,Rain,moderate rain,http://openweathermap.org/img/wn/10d@2x.png,43.43,50.97,82,17,S,14.23,0,1017,97,1636138800,-25200
596,Utah,Salt Lake City,1,Mon 11/1,Clouds,overcast clouds,http://openweathermap.org/img/wn/04d@2x.png,49.28,63.37,39,7,S,0,0,1015,100,1635793200,-21600
597,Utah,Salt Lake City,2,Tue 11/2,Rain,moderate rain,http://openweathermap.org/img/wn/10d@2x.png,50.22,55.76,73,5,W,4.88,0,1021,100,1635879600,-21600
598,Utah,Salt Lake City,3,Wed 11/3,Clouds,overcast clouds,http://openweathermap.org/img/wn/04d@2x.png,46.96,57.76,56,5,NW,0,0,1024,85,1635966000,-21600
599,Utah,Salt Lake City,4,Thu 11/4,Clear,sky is clear,http://openweathermap.org/img/wn/01d@2x.png,47.97,64.38,37,8,S,0,0,1016,7,1636052400,-21600
600,Utah,Salt Lake City,5,Fri 11/5,Rain,light rain,http://openweathermap.org/img/wn/10d@2x.png,43.97,56.62,45,16,W,4.13,0,1020,51,1636138800,-21600
601,Washington,Seattle,1,Mon 11/1,Rain,light rain,http://openweathermap.org/img/wn/10d@2x.png,38.91,49.8,43,7,S,3.61,0,1013,100,1635793200,-25200
602,Washington,Seattle,2,Tue 11/2,Rain,light rain,http://openweathermap.org/img/wn/10d@2x.png,42.06,54.14,74,4,SE,0.36,0,1022,100,1635879600,-25200
603,Washington,Seattle,3,Wed 11/3,Rain,light rain,http://openweathermap.org/img/wn/10d@2x.png,47.91,60.13,71,4,E,0.11,0,1018,100,1635966000,-25200
604,Washington,Seattle,4,Thu 11/4,Rain,moderate rain,http://openweathermap.org/img/wn/10d@2x.png,49.14,57.38,89,18,S,28.4,0,1003,100,1636052400,-25200
605,Washington,Seattle,5,Fri 11/5,Rain,moderate rain,http://openweathermap.org/img/wn/10d@2x.png,44.29,48.29,79,16,S,9.41,0,1010,89,1636138800,-25200
606,Washington,Spokane,1,Mon 11/1,Rain,light rain,http://openweathermap.org/img/wn/10d@2x.png,29.84,49.78,27,7,NE,0.28,0,1020,1,1635793200,-25200
607,Washington,Spokane,2,Tue 11/2,Rain,light rain,http://openweathermap.org/img/wn/10d@2x.png,39.58,47.3,78,4,NE,1.05,0,1025,100,1635879600,-25200
608,Washington,Spokane,3,Wed 11/3,Clouds,overcast clouds,http://openweathermap.org/img/wn/04d@2x.png,38.95,50.05,70,5,NE,0,0,1025,99,1635966000,-25200
609,Washington,Spokane,4,Thu 11/4,Rain,light rain,http://openweathermap.org/img/wn/10d@2x.png,42.8,47.07,75,17,S,5.04,0,1007,98,1636052400,-25200
610,Washington,Spokane,5,Fri 11/5,Rain,light rain,http://openweathermap.org/img/wn/10d@2x.png,38.37,46.65,88,20,SW,1.02,0,1014,86,1636138800,-25200
